POBS
100,,0,POBS_Root,Performing Organization_Root
101,100,0,P,Performing Organization
102,100,100,P-1,Performing Organization
103,100,200,P-2,Performing Organization
104,100,300,P-3,Performing Organization
105,100,400,P-4,Performing Organization
106,100,500,P-5,Performing Organization
107,100,600,P-6,Performing Organization
108,100,0,"?><,./;'[]\=-`","?><,./;'[]\=-`","?><,./;'[]\=-`"
959,100,0,"?&gt;&lt;,./;'[]\=-`","?&gt;&lt;,./;'[]\=-`","?&gt;&lt;,./;'[]\=-`"
1310,100,0,?><../;'[]\=-`,?><../;'[]\=-`,?><../;'[]\=-`
1311,100,0,?&gt;&lt;../;'[]\=-`,?&gt;&lt;../;'[]\=-`,?&gt;&lt;../;'[]\=-`
1312,100,0,"?&amp;gt;&amp;lt;,./;'[]\=-`","?&amp;gt;&amp;lt;,./;'[]\=-`","?&amp;gt;&amp;lt;,./;'[]\=-`"
1313,100,0,P-7,Performing Organization
1314,100,0,P-8,Performing Organization
