,rsrc_short_name,Pred_remainign work
0,LS30,1816.0
1,LS30,2614.5
2,J320,394.0
3,LS30,18104.0
4,LS30,3281.0
5,LS30,2561.0
6,LS30,3523.5
7,LS30,3936.0
8,J320,1467.0
9,LS30,17849.0
10,J320,558.0
11,LS30,20192.0
12,LS30,1816.0
13,LS30,3106.5
14,LS30,2863.0
15,LS30,2457.4
16,LS30,1664.4
17,LS30,2282.9
18,J320,706.0
19,LS30,18555.4
20,J320,558.0
21,LS30,19232.0
22,LS30,3018.0
23,LS30,2609.0
24,LS30,1652.0
25,J320,265.2
26,J320,114.8
27,J320,130.95
28,J320,103.85
29,LC30,140.95
30,J305,355.45
31,J307,340.35
32,J305,323.2
33,LC30,157.25
34,LC30,299.55
35,J305,489.9
36,J307,350.3
37,J305,378.35
38,LC30,146.55
39,J320,117.15
40,J320,102.8
41,J320,126.3
42,J320,163.65
43,J320,177.8
44,LC30,185.55
45,J305,314.85
46,J305,329.5
47,LC30,160.0
48,J307,280.8
49,J308,12199.35
50,J309,848.5
51,LS30,582.2
52,LS30,4209.9
53,J303,700.4
54,LS30,884.7
55,LS30,1241.5
56,J309,651.2
57,LS30,622.3
58,LS30,685.2
59,LS30,402.3
60,LS30,546.2
61,J310,259.55
62,LS30,180.35
63,LS30,5896.6
64,LS30,98.2
65,J307,8952.75
66,J308,12032.0
67,J303,1469.95
68,LS30,402.9
69,LS30,5786.3
70,J309,3497.35
71,J309,1739.3
72,J309,691.25
73,J309,924.1
74,J310,812.5
75,LS30,1313.55
76,LS30,229.6
77,LS30,1243.55
78,LS30,660.0
79,LS30,277.5
80,J307,775.9
81,J308,3778.55
82,J303,165.8
83,LS30,1541.7
84,LS30,62.4
85,J307,7347.7
86,J308,7682.0
87,J303,894.2
88,LS30,1348.25
89,LS30,5557.2
90,J309,1591.6
91,J309,1388.2
92,J309,942.55
93,J310,850.0
94,LS30,1233.4
95,LS30,1191.7
96,LS30,218.1
97,LS30,179.05
98,LS30,269.9
99,LS30,631.35
100,J310,160.75
101,LS30,185.05
102,LS30,2643.5
103,LS30,3028.35
104,LS30,607.95
105,LS30,457.5
106,LS30,3302.0
107,LS30,4684.2
108,LS30,1391.4
109,LS30,744.65
110,LS30,1697.0
111,LS30,2643.5
112,LS30,3036.95
113,LS30,570.45
114,LS30,426.9
115,LS30,3343.3
116,LS30,4627.1
117,LS30,1372.1
118,LS30,1083.6
119,LS30,1909.6
120,LS30,275.55
121,LS30,527.2
122,LS30,1933.2
123,LS30,177.8
124,LS30,527.5
125,LS30,866.45
126,LS30,323.85
127,LS30,223.2
128,LS30,204.9
129,LS30,155.1
130,LS30,905.1
131,LS30,265.6
132,LS30,214.45
133,LS30,363.85
134,LS30,603.85
135,LS30,3000.0
136,LS30,1500.0
137,LS30,3000.0
138,LC30,1458.95
139,LS30,1663.1
140,J302,1101.45
141,J303,877.7
142,J304,8240.3
143,LS30,548.55
144,LC30,1298.85
145,J302,8170.9
146,J302,5410.0
147,J304,1874.05
148,J305,1190.7
149,J306,210.25
150,J304,3342.25
151,J306,348.35
152,J307,1160.1
153,J304,556.6
154,J305,3862.9
155,J306,330.35
156,J304,18429.2
157,J306,1282.6
158,J304,5108.0
159,J306,360.05
160,J304,18214.7
161,J306,1413.8
162,LS30,4783.55
163,LS30,343.55
164,LS30,353.2
165,J303,1206.7
166,LS30,403.65
167,LS30,166.0
168,J311,667.0
169,LC30,473.8
170,J311,246.6
171,LC30,155.6
172,J304,1589.8
173,J307,735.3
174,LS30,413.3
175,LS30,362.4
176,LS30,623.3
177,LS30,393.8
178,J312,711.0
179,J309,400.3
180,J313,407.0
181,J315,197.2
182,M302,257.05
183,LC30,471.8
184,LC30,471.8
185,LC30,491.9
186,M302,245.2
187,LS30,2287.2
188,LS30,254.0
189,LS30,636.9
190,LS30,906.4
191,LS30,1154.55
192,LS30,2216.4
193,LS30,357.4
194,LS30,597.8
195,LS30,796.05
196,LS30,1658.7
197,LS30,3038.1
198,LS30,3360.65
199,LS30,486.4
200,LS30,3962.8
201,LS30,5312.3
202,LS30,1592.9
203,LS30,665.1
204,LS30,3159.5
205,LS30,3281.15
206,LS30,733.5
207,LS30,517.35
208,LS30,3921.5
209,LS30,5369.4
210,LS30,1671.2
211,LS30,1004.55
212,LS30,359.85
213,LS30,291.5
214,LS30,249.7
215,LS30,163.8
216,LS30,1048.75
217,LS30,289.9
218,LS30,260.2
219,LS30,194.5
220,LS30,512.9
221,LS30,737.55
222,LS30,381.9
223,J303,1382.9
224,LS30,488.7
225,LS30,197.8
226,J311,931.4
227,J311,360.8
228,LC30,496.7
229,LS30,4612.7
230,LS30,416.0
231,J304,1928.5
232,J307,920.7
233,LS30,439.9
234,LS30,240.7
235,LS30,707.7
236,LS30,413.5
237,J312,854.4
238,J309,485.45
239,J313,483.65
240,J307,7331.9
241,J308,8498.95
242,LS30,1521.5
243,LS30,6576.9
244,J309,1742.8
245,J309,1421.5
246,J309,1138.9
247,J310,998.4
248,LS30,1400.65
249,LS30,1416.15
250,LS30,237.45
251,LS30,242.95
252,LS30,273.55
253,LS30,776.4
254,J310,194.75
255,LS30,229.4
256,LS30,6492.5
257,J307,8854.0
258,J308,13234.3
259,J303,2195.55
260,LS30,459.5
261,LS30,7078.4
262,J309,4097.05
263,J309,1743.95
264,J309,778.1
265,J309,1138.9
266,J310,912.9
267,LS30,1431.9
268,LS30,214.95
269,LS30,1468.7
270,LS30,613.45
271,LS30,112.15
272,LS30,299.3
273,LS30,661.95
274,J310,298.1
275,LS30,221.1
276,LS30,6826.0
277,J308,4407.8
278,J303,189.2
279,LS30,1436.9
280,LS30,100.85
281,J307,828.25
282,J303,779.3
283,LS30,1019.1
284,LS30,1364.45
285,J309,737.1
286,LS30,697.55
287,LS30,709.05
288,LS30,462.45
289,J308,12455.6
290,J309,796.1
291,LS30,549.35
292,LS30,4377.05
293,LS30,1500.0
294,LS30,3000.0
295,LS30,3000.0
296,J305,4432.4
297,J306,354.5
298,J304,18429.2
299,J306,1347.95
300,J305,1440.6
301,J306,162.25
302,J304,3907.5
303,J306,339.75
304,J307,1307.65
305,J304,639.7
306,J304,5590.4
307,J306,386.2
308,J304,18232.6
309,J306,1393.6
310,LC30,1666.35
311,LS30,2008.4
312,J302,1255.9
313,J303,993.0
314,J304,8439.6
315,J304,1971.1
316,LS30,672.0
317,LC30,1425.65
318,J302,8245.8
319,J302,6295.95
320,LC30,1486.85
321,LS30,1730.0
322,J302,1194.7
323,J303,907.5
324,J304,8240.3
325,J304,1835.6
326,LS30,594.55
327,LC30,1353.15
328,J302,8144.55
329,J302,5535.6
330,J305,3826.0
331,J306,312.9
332,J304,18429.2
333,J306,1266.3
334,J305,1249.5
335,J306,195.95
336,J304,3299.3
337,J306,338.65
338,J307,1165.65
339,J304,597.7
340,J304,4983.4
341,J306,350.85
342,J304,18232.6
343,J306,1467.2
344,LS30,4728.0
345,LS30,381.85
346,J312,738.7
347,J309,442.0
348,J313,430.2
349,J303,1320.2
350,LS30,469.8
351,LS30,301.3
352,J311,808.55
353,J311,428.35
354,LC30,576.55
355,LS30,409.6
356,LC30,215.0
357,J304,1593.9
358,J307,781.65
359,LS30,366.65
360,LS30,316.5
361,LS30,628.4
362,LS30,375.0
363,J308,12455.6
364,J309,766.05
365,LS30,538.15
366,LS30,4232.4
367,J303,624.0
368,LS30,783.15
369,LS30,1277.25
370,J309,603.4
371,LS30,605.75
372,LS30,764.6
373,LS30,372.1
374,J308,3928.8
375,J303,160.2
376,LS30,1427.4
377,LS30,74.9
378,J307,767.15
379,LS30,191.2
380,J307,7251.65
381,J308,7726.0
382,J303,989.3
383,LS30,1382.45
384,LS30,5677.55
385,LS30,5606.1
386,J309,1534.9
387,J309,1421.45
388,J309,1000.3
389,J310,881.8
390,LS30,1201.8
391,LS30,1176.55
392,LS30,204.5
393,LS30,212.7
394,LS30,265.5
395,LS30,662.9
396,J310,156.95
397,LS30,585.2
398,J310,292.4
399,LS30,198.4
400,LS30,5958.8
401,J307,8773.85
402,J308,13423.5
403,J303,1832.1
404,LS30,420.2
405,LS30,6001.1
406,J309,3364.75
407,J309,700.0
408,J309,949.75
409,J310,850.0
410,LS30,1241.95
411,LS30,252.9
412,LS30,1256.25
413,LS30,648.0
414,LS30,165.85
415,LS30,324.15
416,LS30,661.05
417,LS30,1829.9
418,LS30,2740.25
419,LS30,3260.5
420,LS30,690.85
421,LS30,471.1
422,LS30,3343.3
423,LS30,4741.3
424,LS30,1439.8
425,LS30,2643.5
426,LS30,3090.1
427,LS30,658.15
428,LS30,515.75
429,LS30,3384.6
430,LS30,4684.2
431,LS30,1422.0
432,LS30,881.75
433,LS30,368.3
434,LS30,233.45
435,LS30,204.8
436,LS30,166.8
437,LS30,916.15
438,LS30,221.95
439,LS30,196.2
440,LS30,149.1
441,LS30,352.9
442,LS30,553.3
443,LS30,649.7
444,LS30,1041.5
445,LS30,1956.8
446,LS30,192.9
447,LS30,576.4
448,LS30,1909.6
449,LS30,319.05
450,LS30,584.15
451,LS30,3000.0
452,LS30,1500.0
453,LS30,3000.0
454,LS30,5731.3
455,LS30,411.6
456,J312,845.5
457,J309,478.5
458,J313,479.7
459,LC30,275.2
460,J304,1799.0
461,J307,806.2
462,LS30,462.5
463,LS30,415.2
464,LS30,694.9
465,LS30,456.3
466,LS30,388.1
467,J303,1430.6
468,LS30,476.8
469,LS30,209.8
470,J311,857.3
471,J311,337.95
472,LC30,481.9
473,J308,13876.85
474,J309,999.0
475,LS30,4632.65
476,LS30,658.45
477,J303,775.55
478,LS30,893.05
479,LS30,1410.7
480,J309,737.9
481,LS30,783.4
482,LS30,906.45
483,LS30,554.5
484,J307,8535.45
485,J308,8879.0
486,J303,725.0
487,LS30,1647.6
488,LS30,6553.5
489,J309,1742.8
490,J309,1418.4
491,J309,1115.8
492,J310,1005.2
493,LS30,1315.9
494,LS30,1349.85
495,LS30,181.7
496,LS30,197.45
497,LS30,276.9
498,LS30,650.75
499,J310,175.1
500,LS30,219.9
501,LS30,6358.65
502,LS30,6906.4
503,J309,3850.95
504,J309,2018.5
505,J309,644.4
506,J309,1085.45
507,J310,972.9
508,LS30,1329.6
509,LS30,218.9
510,LS30,1424.35
511,LS30,563.2
512,LS30,164.65
513,LS30,311.65
514,LS30,617.9
515,J310,266.0
516,LS30,224.6
517,LS30,6775.4
518,J307,8957.15
519,J308,13064.9
520,J303,2226.15
521,LS30,453.95
522,J307,854.65
523,J308,4455.7
524,J303,215.0
525,LS30,1588.6
526,LS30,88.4
527,LS30,886.65
528,LS30,1967.1
529,LS30,3127.25
530,LS30,3486.7
531,LS30,830.85
532,LS30,568.0
533,LS30,3591.1
534,LS30,5255.2
535,LS30,1679.7
536,LS30,3095.0
537,LS30,3606.85
538,LS30,692.15
539,LS30,544.8
540,LS30,3632.4
541,LS30,5540.7
542,LS30,1681.9
543,LS30,2263.6
544,LS30,253.1
545,LS30,702.9
546,LS30,802.75
547,LS30,1263.25
548,LS30,2287.2
549,LS30,362.1
550,LS30,669.5
551,LS30,1072.5
552,LS30,342.3
553,LS30,270.05
554,LS30,215.15
555,LS30,293.8
556,LS30,1048.75
557,LS30,384.25
558,LS30,302.8
559,LS30,252.6
560,LS30,430.5
561,LS30,616.2
562,J305,4492.8
563,J306,420.85
564,J306,1384.35
565,J305,1717.05
566,J306,228.4
567,J304,3356.75
568,J306,435.6
569,J307,1297.0
570,J304,632.8
571,J304,5680.0
572,J306,405.45
573,J304,18232.6
574,J306,1586.6
575,J302,1256.8
576,J303,1022.35
577,J304,8393.1
578,J304,2179.05
579,LS30,732.95
580,LC30,1443.8
581,J302,9311.0
582,J302,6435.5
583,LC30,1616.45
584,LS30,1792.6
585,LS30,1575.0
586,LS30,3000.0
587,LS30,3000.0
588,LC30,1404.2
589,LS30,1688.35
590,J302,1067.7
591,J303,854.2
592,J304,8240.3
593,J304,1874.05
594,LC30,1277.7
595,J302,8043.3
596,J302,5535.1
597,LS30,535.0
598,J304,18250.5
599,J306,1388.6
600,J304,4780.5
601,J306,349.0
602,J306,200.8
603,J304,3299.3
604,J306,292.6
605,J307,1107.8
606,J305,1190.7
607,J304,572.8
608,J305,3521.7
609,J306,315.8
610,J304,18500.8
611,J306,1257.4
612,J308,12455.6
613,J309,806.6
614,LS30,520.9
615,LS30,4204.9
616,J303,694.1
617,LS30,1241.1
618,J309,612.8
619,LS30,615.3
620,LS30,668.85
621,LS30,445.7
622,J307,7347.7
623,J308,7820.0
624,J303,908.0
625,LS30,1399.55
626,LS30,5802.7
627,J309,1516.0
628,J309,1340.5
629,J309,954.1
630,J310,860.6
631,LS30,1176.5
632,LS30,184.15
633,LS30,204.85
634,LS30,255.5
635,J310,120.75
636,LS30,184.6
637,LS30,5509.85
638,LS30,657.75
639,J307,8905.15
640,J308,12032.0
641,J303,1670.4
642,LS30,497.2
643,LS30,5998.6
644,J309,3421.5
645,J309,1768.2
646,J309,743.45
647,J309,931.6
648,J310,871.2
649,LS30,1217.05
650,LS30,289.05
651,LS30,1242.3
652,LS30,660.0
653,LS30,188.65
654,LS30,333.7
655,J310,316.95
656,LS30,192.8
657,LS30,5782.0
658,LS30,579.3
659,J307,749.65
660,J308,3928.8
661,J303,157.8
662,LS30,1466.2
663,LS30,74.9
664,LS30,1500.0
665,LS30,3000.0
666,LS30,3000.0
667,LS30,2579.0
668,LS30,3049.45
669,LS30,643.65
670,LS30,455.15
671,LS30,3302.0
672,LS30,4684.2
673,LS30,1375.4
674,LS30,2579.0
675,LS30,3050.35
676,LS30,593.5
677,LS30,476.45
678,LS30,4684.2
679,LS30,1372.1
680,LS30,3343.3
681,LS30,671.55
682,LS30,1698.3
683,LS30,1933.2
684,LS30,191.1
685,LS30,550.0
686,LS30,663.8
687,LS30,1040.8
688,LS30,1886.0
689,LS30,300.4
690,LS30,562.55
691,LS30,183.95
692,LS30,138.15
693,LS30,216.95
694,LS30,894.05
695,LS30,404.9
696,LS30,592.9
697,LS30,870.7
698,LS30,340.55
699,LS30,238.85
700,LS30,209.9
701,LS30,118.1
702,J312,712.0
703,J309,435.9
704,J313,425.0
705,LS30,332.1
706,J303,1215.1
707,LS30,400.8
708,LS30,149.3
709,J311,708.0
710,J311,205.8
711,LC30,465.2
712,LS30,4468.0
713,LS30,362.05
714,LC30,175.2
715,J304,1569.5
716,J307,783.8
717,LS30,395.3
718,LS30,377.8
719,LS30,618.3
720,LS30,411.6
721,LS30,624.15
722,LS30,1093.2
723,LS30,1909.6
724,LS30,303.1
725,LS30,568.0
726,LS30,1933.2
727,LS30,226.95
728,LS30,568.0
729,LS30,4684.2
730,LS30,1375.4
731,LS30,3049.45
732,LS30,2579.0
733,LS30,559.1
734,LS30,459.75
735,LS30,3302.0
736,LS30,2579.0
737,LS30,3050.35
738,LS30,614.7
739,LS30,454.6
740,LS30,3343.3
741,LS30,4627.1
742,LS30,1329.2
743,LS30,727.0
744,LS30,1604.95
745,LS30,910.6
746,LS30,315.95
747,LS30,228.6
748,LS30,194.3
749,LS30,114.15
750,LS30,921.65
751,LS30,226.2
752,LS30,191.8
753,LS30,138.55
754,LS30,345.5
755,LS30,526.65
756,J305,1205.4
757,J306,140.2
758,J304,3408.55
759,J306,347.5
760,J307,1094.35
761,J304,512.3
762,J306,365.8
763,J304,18107.6
764,J306,1306.85
765,J304,4862.5
766,J305,3533.7
767,J306,305.1
768,J304,18465.0
769,J306,1193.8
770,LC30,1490.1
771,LS30,1805.95
772,J302,1087.15
773,J303,895.85
774,J304,8069.65
775,J304,1914.05
776,LS30,557.8
777,LC30,1357.1
778,J302,8069.65
779,J302,5410.0
780,LS30,1500.0
781,LS30,3000.0
782,LS30,3000.0
783,LS30,362.6
784,J303,1109.7
785,LS30,324.15
786,LS30,128.7
787,J311,536.4
788,LC30,495.0
789,LC30,198.4
790,J304,1207.75
791,J307,705.9
792,LS30,421.0
793,LS30,241.85
794,LS30,474.25
795,LS30,376.15
796,J312,589.8
797,J309,373.6
798,J313,368.5
799,LS30,4531.1
800,LS30,398.25
801,J308,13431.85
802,J309,750.7
803,LS30,534.8
804,LS30,3570.6
805,J303,614.65
806,LS30,979.35
807,LS30,1115.6
808,J309,592.9
809,LS30,558.25
810,LS30,645.65
811,LS30,350.5
812,J307,775.9
813,J308,3826.45
814,J303,155.9
815,LS30,1526.0
816,LS30,48.1
817,J307,7347.7
818,J308,7751.0
819,J303,923.75
820,LS30,1134.8
821,LS30,5660.5
822,J309,1646.15
823,J309,1476.45
824,J309,859.8
825,J310,833.3
826,LS30,1132.7
827,LS30,1218.15
828,LS30,243.75
829,LS30,256.2
830,LS30,663.15
831,J310,164.6
832,LS30,188.65
833,LS30,5696.05
834,LS30,219.6
835,J307,8952.75
836,J308,11862.6
837,J303,1804.6
838,LS30,338.65
839,LS30,5884.6
840,J309,2719.3
841,J309,1624.6
842,J309,569.95
843,J309,545.9
844,J310,647.65
845,LS30,1122.05
846,LS30,147.85
847,LS30,1166.9
848,LS30,466.9
849,LS30,159.7
850,LS30,218.0
851,LS30,481.45
852,J310,219.8
853,LS30,205.3
854,LS30,5909.5
855,LC30,2196.35
856,LS30,4024.95
857,LC30,1801.7
858,J304,459.0
859,LC30,254.15
860,J304,704.35
861,LS30,197.75
862,LS30,187.7
863,LC30,209.25
864,LS30,434.7
865,LC30,183.6
866,LS30,150.4
867,LC30,246.35
868,LS30,278.55
869,LS30,176.9
870,LC30,193.8
871,J311,104.15
872,LS30,80.5
873,J311,42.85
874,J311,118.7
875,J311,116.1
876,J311,62.25
877,LC30,134.55
878,LS30,735.75
879,J311,547.4
880,LC30,137.0
881,LS30,166.35
882,LS30,157.75
883,LC30,283.9
884,LS30,51.15
885,LS30,54.0
886,LC30,97.4
887,LS30,142.75
888,LS30,98.15
889,LC30,378.85
890,LS30,637.15
891,LS30,371.7
892,J312,358.4
893,J313,709.9
894,J304,305.6
895,J309,82.4
896,J306,79.0
897,LC30,90.55
898,LS30,90.35
899,LS30,73.15
900,LC30,86.65
901,J304,85.4
902,J304,84.3
903,LC30,120.1
904,LS30,82.1
905,LS30,60.55
906,LC30,146.1
907,LC30,1016.4
908,LS30,50.3
909,LS30,39.5
910,J312,1764.2
911,LS30,92.1
912,LS30,90.6
913,LS30,538.3
914,J304,105.0
915,LS30,67.6
916,J304,74.35
917,J304,48.6
918,LC30,230.45
919,J302,153.2
920,J304,452.45
921,J304,1708.0
922,J304,444.2
923,LC30,161.85
924,J303,94.05
925,LS30,42.1
926,LS30,61.3
927,LS30,138.2
928,LS30,106.55
929,LS30,145.75
930,LS30,265.55
931,J313,49.9
932,J304,48.35
933,J304,148.6
934,LS30,243.5
935,LS30,145.4
936,LS30,147.2
937,LC30,273.65
938,LS30,53.0
939,LS30,55.3
940,LC30,67.4
941,LS30,146.45
942,LS30,58.4
943,LC30,652.65
944,LS30,985.05
945,LC30,2240.0
946,LS30,3402.85
947,LC30,1577.75
948,J304,585.7
949,LS30,165.6
950,LS30,81.4
951,LC30,168.2
952,J311,65.5
953,LS30,43.0
954,LC30,208.45
955,J311,46.0
956,J311,104.15
957,J311,105.15
958,J311,108.4
959,LC30,146.75
960,LS30,550.45
961,LC30,131.15
962,LS30,143.05
963,LC30,166.9
964,LS30,1086.65
965,J311,527.5
966,LC30,147.95
967,LS30,151.65
968,LS30,150.35
969,J312,1637.4
970,LS30,153.8
971,LS30,112.2
972,LS30,554.3
973,LC30,591.6
974,LS30,33.05
975,LS30,29.85
976,LC30,87.3
977,LS30,85.9
978,LS30,80.85
979,LC30,86.1
980,J304,85.35
981,J304,85.45
982,J312,327.7
983,J313,502.7
984,J304,239.75
985,J309,72.55
986,J306,62.15
987,LC30,117.5
988,LS30,79.4
989,LS30,74.65
990,LC30,104.95
991,LS30,129.15
992,LS30,207.5
993,LC30,105.7
994,J304,188.25
995,J304,108.55
996,LS30,66.4
997,J304,78.65
998,J304,47.75
999,J304,164.05
1000,LS30,222.75
1001,LS30,176.55
1002,LS30,142.0
1003,LS30,108.9
1004,LS30,129.45
1005,LS30,72.95
1006,LS30,76.6
1007,LS30,346.2
1008,J313,54.15
1009,J304,47.15
1010,EQOP,151.5
1011,J302,162.9
1012,J304,1832.6
1013,J304,317.95
1014,EQOP,110.05
1015,J303,57.95
1016,LS30,82.7
1017,J304,349.45
1018,EQOP,202.05
1019,J304,231.9
1020,J304,229.5
1021,J303,834.7
1022,LS30,235.7
1023,LS30,249.05
1024,LS30,284.3
1025,LS30,235.7
1026,EQOP,112.8
1027,J304,180.65
1028,J304,226.6
1029,J303,671.6
1030,M303,245.45
1031,M302,338.25
1032,LS30,215.95
1033,LC30,792.95
1034,LS30,1758.6
1035,LS30,687.9
1036,J304,133.2
1037,LS30,32.5
1038,J304,105.9
1039,J304,109.3
1040,LC30,195.25
1041,LS30,217.8
1042,LS30,159.0
1043,LC30,277.25
1044,J304,153.05
1045,LS30,118.75
1046,LC30,13.2
1047,J311,155.6
1048,LC30,42.5
1049,J311,164.45
1050,LC30,814.0
1051,LS30,260.4
1052,LC30,366.3
1053,LS30,201.25
1054,LS30,351.2
1055,LS30,119.6
1056,LS30,124.35
1057,LS30,825.2
1058,LC30,1150.0
1059,LS30,28.9
1060,LS30,28.9
1061,J312,1649.7
1062,LC30,335.4
1063,LS30,645.45
1064,LC30,289.15
1065,LS30,234.5
1066,J312,687.9
1067,J313,761.85
1068,J304,259.65
1069,J309,108.75
1070,J306,13.6
1071,LC30,277.8
1072,LS30,206.4
1073,LS30,161.8
1074,LC30,100.2
1075,LS30,1289.85
1076,J311,525.75
1077,LC30,140.8
1078,LS30,211.4
1079,LS30,605.1
1080,LC30,376.4
1081,LS30,293.8
1082,LS30,96.7
1083,LC30,278.1
1084,J311,85.65
1085,LS30,50.55
1086,LC30,2584.35
1087,LS30,4338.3
1088,LC30,1872.2
1089,J304,282.7
1090,LC30,126.25
1091,J304,275.3
1092,LS30,243.3
1093,LS30,92.9
1094,LC30,313.8
1095,LS30,245.0
1096,LS30,169.1
1097,LC30,287.45
1098,LC30,196.4
1099,LS30,205.7
1100,LS30,113.85
1101,LC30,263.55
1102,J304,205.4
1103,LS30,184.9
1104,J304,54.0
1105,LS30,20.6
1106,J304,52.55
1107,J304,108.1
1108,LC30,900.4
1109,LS30,3215.9
1110,LS30,695.6
1111,LC30,287.4
1112,LS30,614.45
1113,LC30,247.5
1114,LS30,190.3
1115,LC30,14.8
1116,J311,207.8
1117,J311,214.9
1118,LC30,6.8
1119,J309,157.3
1120,J306,104.2
1121,J312,750.0
1122,J313,788.85
1123,J304,249.5
1124,LC30,157.1
1125,J304,287.9
1126,LS30,209.5
1127,LS30,270.85
1128,LC30,2251.65
1129,LS30,4205.7
1130,LC30,1839.45
1131,J304,347.2
1132,LC30,392.9
1133,LS30,310.9
1134,LS30,135.65
1135,LC30,321.0
1136,J311,103.85
1137,LS30,76.9
1138,LC30,904.75
1139,LS30,329.05
1140,LS30,288.95
1141,LC30,581.75
1142,LS30,189.85
1143,LS30,320.6
1144,LC30,92.8
1145,LS30,1371.9
1146,J311,529.1
1147,LC30,131.6
1148,LS30,204.05
1149,LS30,450.25
1150,LC30,1150.0
1151,LS30,24.6
1152,LS30,24.0
1153,J312,1735.7
1154,LS30,158.5
1155,LS30,134.3
1156,LS30,817.2
1157,LC30,18.5
1158,J311,187.05
1159,J311,188.95
1160,LC30,6.8
1161,LC30,572.15
1162,LS30,245.75
1163,LS30,224.8
1164,LC30,315.45
1165,LS30,151.85
1166,LS30,305.75
1167,J312,807.1
1168,J313,678.85
1169,J304,2101.6
1170,J309,119.1
1171,J306,99.7
1172,LS30,866.5
1173,LC30,837.05
1174,LS30,1485.25
1175,LC30,193.1
1176,LS30,196.8
1177,LS30,91.2
1178,LC30,237.3
1179,J304,242.55
1180,LS30,184.9
1181,LS30,70.85
1182,LC30,378.95
1183,LS30,277.3
1184,LS30,109.35
1185,LC30,303.65
1186,J311,88.75
1187,LC30,247.9
1188,LC30,212.7
1189,LS30,184.5
1190,LC30,106.65
1191,LS30,1341.55
1192,J311,539.85
1193,LC30,136.85
1194,LS30,273.7
1195,LS30,772.2
1196,LC30,271.5
1197,LS30,204.4
1198,LS30,144.4
1199,LC30,268.0
1200,LC30,196.65
1201,J304,284.75
1202,LS30,263.15
1203,LS30,147.5
1204,LC30,2270.1
1205,LS30,4280.05
1206,LC30,1891.5
1207,J304,579.55
1208,J304,161.7
1209,LS30,35.05
1210,J304,61.3
1211,LC30,1150.0
1212,LS30,40.0
1213,LS30,31.5
1214,J312,1736.4
1215,LS30,148.0
1216,LS30,88.1
1217,LS30,789.0
1218,LC30,30.8
1219,J311,187.9
1220,J311,167.5
1221,LC30,117.15
1222,LC30,336.55
1223,LS30,701.65
1224,LC30,302.3
1225,LS30,235.35
1226,LC30,397.25
1227,LS30,261.2
1228,LS30,203.75
1229,LC30,309.7
1230,LC30,79.0
1231,LS30,1303.1
1232,J311,607.6
1233,LC30,153.35
1234,LS30,203.6
1235,LS30,573.25
1236,LC30,689.15
1237,LS30,286.95
1238,LS30,263.55
1239,LC30,496.65
1240,LS30,168.75
1241,LS30,301.2
1242,J312,825.2
1243,J313,936.9
1244,J304,2112.3
1245,J309,200.9
1246,J306,186.6
1247,J304,123.3
1248,J304,175.5
1249,LS30,37.2
1250,J304,132.6
1251,LC30,139.6
1252,J304,209.65
1253,LS30,167.0
1254,LS30,90.1
1255,LC30,205.8
1256,LS30,216.1
1257,LS30,142.05
1258,LC30,251.25
1259,J304,201.85
1260,LS30,164.5
1261,LC30,708.6
1262,LS30,709.8
1263,LS30,1758.6
1264,LC30,358.8
1265,LS30,311.1
1266,LS30,101.3
1267,LC30,324.85
1268,J311,104.6
1269,LS30,76.25
1270,LC30,2362.1
1271,LS30,4280.05
1272,LC30,1839.45
1273,J304,286.4
1274,LC30,1150.0
1275,LS30,24.6
1276,LS30,24.0
1277,J312,1825.2
1278,LS30,149.75
1279,LS30,156.3
1280,LS30,837.7
1281,LS30,1528.85
1282,LS30,3000.0
1283,LS30,3000.0
1284,J308,9159.3
1285,LS30,565.65
1286,LS30,3106.4
1287,J303,656.4
1288,LS30,1212.8
1289,LS30,1147.7
1290,J309,619.4
1291,LS30,282.6
1292,LS30,624.65
1293,LS30,289.05
1294,J307,479.85
1295,J308,2222.25
1296,J303,174.85
1297,LS30,501.8
1298,LS30,96.4
1299,J307,5724.4
1300,J308,5424.1
1301,J303,1044.75
1302,LS30,612.95
1303,LS30,3694.2
1304,J309,2489.85
1305,J309,1730.95
1306,LS30,1229.65
1307,LS30,193.75
1308,LS30,1262.8
1309,LS30,186.1
1310,LS30,1184.95
1311,LS30,320.8
1312,LS30,164.95
1313,LS30,217.05
1314,LS30,345.9
1315,J310,182.8
1316,LS30,265.6
1317,LS30,3718.8
1318,J309,2358.05
1319,J309,1666.7
1320,J309,78.0
1321,J309,248.6
1322,J310,354.8
1323,LS30,1238.25
1324,LS30,145.1
1325,LS30,1266.75
1326,LS30,357.5
1327,LS30,99.25
1328,LS30,189.4
1329,LS30,652.8
1330,J310,136.5
1331,LS30,78.95
1332,LS30,4087.8
1333,J307,7112.0
1334,J308,6000.7
1335,J303,942.85
1336,LS30,423.25
1337,LS30,4112.4
1338,LC30,117.7
1339,J306,200.2
1340,J307,742.55
1341,J303,821.75
1342,LS30,93.85
1343,LS30,417.35
1344,LS30,123.0
1345,LS30,187.95
1346,LS30,199.0
1347,LS30,185.9
1348,LS30,124.0
1349,J303,217.7
1350,LS30,114.6
1351,LS30,115.0
1352,LS30,149.4
1353,LC30,256.95
1354,LC30,419.95
1355,J302,3328.0
1356,LC30,876.5
1357,LS30,787.2
1358,J302,588.0
1359,J303,1143.2
1360,J304,3598.95
1361,J304,1397.9
1362,LS30,295.9
1363,LC30,2102.1
1364,J302,4745.0
1365,J304,1557.2
1366,J306,123.05
1367,J304,10209.75
1368,J306,806.8
1369,J304,660.2
1370,J306,193.45
1371,J304,1146.85
1372,J306,226.3
1373,J307,1349.1
1374,J304,292.35
1375,J304,1597.05
1376,J306,105.5
1377,J304,10567.45
1378,J306,847.6
1379,LS30,341.0
1380,LS30,141.75
1381,LS30,359.5
1382,LS30,173.05
1383,LS30,536.7
1384,LS30,341.6
1385,LS30,140.0
1386,LS30,361.0
1387,LS30,1246.25
1388,LS30,101.8
1389,LS30,131.85
1390,LS30,2732.0
1391,LS30,307.8
1392,LS30,404.75
1393,LS30,237.6
1394,LS30,209.25
1395,LS30,319.4
1396,LS30,64.15
1397,LS30,170.45
1398,LS30,1052.35
1399,LS30,1833.35
1400,LS30,648.0
1401,LS30,183.9
1402,LS30,2285.75
1403,LS30,1591.95
1404,LS30,518.35
1405,LS30,2329.65
1406,LS30,1448.4
1407,LS30,490.9
1408,LS30,1103.0
1409,LS30,1825.7
1410,LS30,645.15
1411,LS30,167.4
1412,LS30,255.45
1413,LS30,183.65
1414,J303,207.7
1415,LS30,123.6
1416,LS30,59.25
1417,LS30,156.95
1418,LC30,256.2
1419,LC30,327.1
1420,J307,717.55
1421,J303,632.5
1422,LS30,115.5
1423,LS30,423.2
1424,LS30,154.75
1425,LS30,180.25
1426,LS30,182.65
1427,LS30,179.4
1428,LS30,114.4
1429,LC30,113.45
1430,J306,197.35
1431,J304,1565.45
1432,J306,115.25
1433,J304,10184.2
1434,J306,840.8
1435,J304,598.7
1436,J306,91.75
1437,J304,915.8
1438,J306,135.85
1439,J307,1395.05
1440,J304,1612.7
1441,J306,108.8
1442,J304,10541.9
1443,J306,868.0
1444,LC30,894.6
1445,LS30,705.1
1446,J302,592.6
1447,J303,1137.95
1448,J304,3947.25
1449,J304,1399.5
1450,LS30,242.6
1451,LC30,2307.8
1452,J302,4745.0
1453,J302,3328.0
1454,LS30,1581.85
1455,LS30,3132.45
1456,LS30,3132.45
1457,LS30,2558.15
1458,LS30,214.2
1459,LS30,318.4
1460,LS30,1336.2
1461,LS30,203.95
1462,LS30,158.3
1463,LS30,2537.15
1464,LS30,459.25
1465,LS30,517.6
1466,LS30,343.1
1467,LS30,464.4
1468,LS30,1089.25
1469,LS30,1841.0
1470,LS30,686.05
1471,LS30,305.7
1472,LS30,2256.45
1473,LS30,1604.15
1474,LS30,597.5
1475,LS30,1464.45
1476,LS30,640.2
1477,LS30,1103.0
1478,LS30,1796.45
1479,LS30,744.0
1480,LS30,443.75
1481,LS30,2462.2
1482,LS30,352.35
1483,LS30,315.0
1484,LS30,341.0
1485,LS30,214.1
1486,LS30,356.2
1487,LS30,341.6
1488,LS30,179.95
1489,LS30,356.7
1490,LS30,204.75
1491,LS30,444.4
1492,J303,655.2
1493,LS30,1839.85
1494,LS30,1195.55
1495,J309,600.25
1496,LS30,371.3
1497,LS30,653.1
1498,LS30,375.85
1499,J308,9159.3
1500,LS30,590.85
1501,LS30,2560.85
1502,J307,6888.3
1503,J308,6000.7
1504,J303,836.4
1505,LS30,381.1
1506,LS30,4112.4
1507,J309,2604.0
1508,J309,1726.25
1509,J309,94.8
1510,J309,187.1
1511,J310,410.75
1512,LS30,1349.1
1513,LS30,121.3
1514,LS30,1268.55
1515,LS30,289.25
1516,LS30,111.65
1517,LS30,188.75
1518,LS30,644.2
1519,J310,128.3
1520,LS30,56.45
1521,LS30,4063.2
1522,J307,499.05
1523,J308,2152.7
1524,J303,118.9
1525,LS30,469.8
1526,LS30,72.9
1527,J307,5724.4
1528,J308,5424.1
1529,J303,999.0
1530,LS30,611.6
1531,LS30,3669.6
1532,J309,2480.95
1533,J309,1722.8
1534,LS30,950.0
1535,LS30,210.6
1536,LS30,1262.8
1537,LS30,165.3
1538,LS30,306.7
1539,LS30,165.35
1540,LS30,234.1
1541,LS30,300.4
1542,J310,158.55
1543,LS30,255.5
1544,LS30,3718.8
1545,J304,1597.05
1546,J306,99.9
1547,J304,10593.0
1548,J306,868.0
1549,J304,709.75
1550,J306,95.8
1551,J304,769.45
1552,J306,113.05
1553,J307,935.55
1554,J304,105.7
1555,J304,1557.2
1556,J306,111.0
1557,J304,10260.85
1558,J306,862.5
1559,LC30,1197.1
1560,LS30,805.2
1561,J302,635.5
1562,LS30,896.35
1563,J304,3250.65
1564,J304,1424.2
1565,LS30,259.2
1566,LC30,2303.5
1567,J302,4745.0
1568,J302,3328.0
1569,J303,193.2
1570,LS30,59.25
1571,LS30,152.25
1572,LC30,256.65
1573,LC30,366.05
1574,LC30,117.8
1575,J306,190.15
1576,J307,1317.8
1577,J303,724.25
1578,LS30,278.85
1579,LS30,451.8
1580,LS30,299.95
1581,LS30,182.2
1582,LS30,195.85
1583,LS30,187.4
1584,LS30,119.4
1585,LS30,145.6
1586,LS30,461.85
1587,LS30,304.55
1588,LS30,142.1
1589,LS30,249.65
1590,LS30,355.35
1591,LS30,153.25
1592,LS30,314.65
1593,LS30,1034.15
1594,LS30,1727.05
1595,LS30,488.95
1596,LS30,193.25
1597,LS30,2262.75
1598,LS30,1375.95
1599,LS30,429.65
1600,LS30,993.2
1601,LS30,1735.5
1602,LS30,489.95
1603,LS30,181.55
1604,LS30,2174.9
1605,LS30,1513.55
1606,LS30,347.95
1607,LS30,489.35
1608,LS30,2478.1
1609,LS30,111.65
1610,LS30,2493.3
1611,LS30,181.8
1612,LS30,224.65
1613,LS30,1219.0
1614,LS30,222.5
1615,LS30,313.15
1616,LS30,2070.0
1617,LS30,179.4
1618,LS30,245.75
1619,LS30,81.7
1620,LS30,160.8
1621,J307,5441.25
1622,J308,5196.0
1623,J303,872.55
1624,LS30,298.45
1625,LS30,2967.7
1626,J309,1685.5
1627,J309,1282.8
1628,J309,65.7
1629,J309,116.2
1630,J310,334.55
1631,LS30,1021.6
1632,LS30,68.35
1633,LS30,1017.55
1634,LS30,235.9
1635,LS30,77.85
1636,LS30,122.9
1637,LS30,474.4
1638,J310,71.1
1639,LS30,36.9
1640,LS30,2807.3
1641,J309,1904.25
1642,J309,1477.4
1643,LS30,1122.05
1644,LS30,227.3
1645,LS30,990.5
1646,LS30,140.25
1647,LS30,1096.85
1648,LS30,232.9
1649,LS30,175.6
1650,LS30,204.25
1651,LS30,327.6
1652,J310,190.75
1653,S308,221.85
1654,LS30,2935.05
1655,J307,4259.0
1656,J308,4438.2
1657,J303,1054.95
1658,LS30,492.35
1659,LS30,3229.0
1660,J307,393.1
1661,J308,1413.6
1662,J303,174.85
1663,LS30,366.5
1664,LS30,109.95
1665,J303,338.1
1666,LS30,1237.4
1667,LS30,849.7
1668,J309,401.8
1669,LS30,167.85
1670,LS30,608.05
1671,LS30,181.75
1672,J308,7174.9
1673,LS30,554.6
1674,LS30,2789.6
1675,LS30,1526.5
1676,LS30,3000.0
1677,LS30,3000.0
1678,J307,507.2
1679,J308,1884.7
1680,J303,117.0
1681,LS30,439.45
1682,LS30,38.55
1683,J309,87.3
1684,J309,251.95
1685,J310,433.25
1686,LS30,1349.1
1687,LS30,126.6
1688,LS30,1263.05
1689,LS30,320.55
1690,LS30,99.15
1691,LS30,173.95
1692,LS30,607.9
1693,J310,119.25
1694,LS30,58.1
1695,LS30,4073.75
1696,J307,7148.9
1697,J308,5533.2
1698,J303,892.4
1699,LS30,518.05
1700,LS30,4137.0
1701,J309,2604.0
1702,J309,1668.9
1703,J310,171.2
1704,LS30,264.15
1705,LS30,3778.55
1706,J307,5717.1
1707,J308,5020.6
1708,J303,1035.5
1709,LS30,692.9
1710,LS30,3743.4
1711,J309,2524.4
1712,J309,1745.15
1713,LS30,1242.15
1714,LS30,218.35
1715,LS30,1331.45
1716,LS30,233.7
1717,LS30,1215.7
1718,LS30,293.85
1719,LS30,135.65
1720,LS30,229.25
1721,LS30,293.25
1722,J308,9312.0
1723,LS30,556.05
1724,LS30,2994.6
1725,J303,604.0
1726,LS30,1451.25
1727,LS30,1223.05
1728,J309,355.45
1729,LS30,227.7
1730,LS30,624.05
1731,LS30,200.15
1732,LS30,1526.5
1733,LS30,3000.0
1734,LS30,3000.0
1735,J304,1561.75
1736,J306,95.2
1737,J304,10209.75
1738,J306,840.8
1739,J304,1597.05
1740,J306,107.3
1741,J304,10567.45
1742,J306,868.0
1743,J304,708.9
1744,J306,82.8
1745,J304,904.7
1746,J306,121.75
1747,J307,1303.15
1748,J304,239.1
1749,J302,709.7
1750,J303,1195.6
1751,J304,3598.95
1752,J304,1398.4
1753,LS30,291.0
1754,LC30,2264.7
1755,J302,4745.0
1756,J302,3328.0
1757,LC30,1116.6
1758,LS30,862.9
1759,LS30,2344.8
1760,LS30,298.6
1761,LS30,67.35
1762,LS30,175.25
1763,LS30,194.7
1764,LS30,327.5
1765,LS30,79.7
1766,LS30,2667.15
1767,LS30,669.35
1768,LS30,97.95
1769,LS30,137.9
1770,LS30,1052.35
1771,LS30,1841.0
1772,LS30,648.0
1773,LS30,2334.8
1774,LS30,1598.7
1775,LS30,542.0
1776,LS30,297.2
1777,LS30,252.6
1778,LS30,1103.0
1779,LS30,1833.35
1780,LS30,615.6
1781,LS30,200.8
1782,LS30,2520.65
1783,LS30,1466.1
1784,LS30,517.6
1785,LS30,339.55
1786,LS30,135.15
1787,LS30,359.95
1788,LS30,340.15
1789,LS30,144.1
1790,LS30,361.0
1791,LS30,173.05
1792,LS30,535.2
1793,J303,216.5
1794,LS30,114.6
1795,LS30,75.2
1796,LS30,129.8
1797,LC30,229.25
1798,LC30,439.9
1799,LC30,115.55
1800,J306,187.7
1801,J307,1584.05
1802,J303,790.05
1803,LS30,105.8
1804,LS30,517.75
1805,LS30,144.7
1806,LS30,180.65
1807,LS30,183.95
1808,LS30,177.6
1809,LS30,120.8
1810,J315,169.75
1811,M302,311.95
1812,LC30,492.65
1813,LC30,2342.1
1814,LC30,727.5
1815,M302,217.95
1816,LS30,1526.5
1817,LS30,3000.0
1818,LS30,3000.0
1819,LS30,284.1
1820,LS30,3147.3
1821,LS30,1457.7
1822,LS30,496.15
1823,LS30,1103.0
1824,LS30,1833.35
1825,LS30,615.6
1826,LS30,197.0
1827,LS30,2305.6
1828,LS30,1052.35
1829,LS30,1841.0
1830,LS30,648.0
1831,LS30,190.6
1832,LS30,2163.75
1833,LS30,1570.9
1834,LS30,522.5
1835,LS30,2028.1
1836,LS30,209.45
1837,LS30,298.6
1838,LS30,50.0
1839,LS30,167.05
1840,LS30,1119.55
1841,LS30,193.95
1842,LS30,233.9
1843,LS30,2558.15
1844,LS30,201.45
1845,LS30,306.45
1846,LS30,121.95
1847,LS30,311.5
1848,LS30,142.05
1849,LS30,355.1
1850,LS30,312.1
1851,LS30,147.55
1852,LS30,361.0
1853,LS30,189.65
1854,LS30,555.95
1855,J303,117.9
1856,LS30,454.0
1857,LS30,40.65
1858,J307,507.2
1859,J308,1869.75
1860,J307,5653.8
1861,J308,4420.1
1862,J303,1009.2
1863,LS30,680.05
1864,LS30,3412.05
1865,J309,2480.95
1866,J309,1707.25
1867,LS30,1115.15
1868,LS30,174.05
1869,LS30,1262.55
1870,LS30,166.55
1871,LS30,1109.15
1872,LS30,294.65
1873,LS30,147.25
1874,LS30,240.4
1875,LS30,290.6
1876,J310,160.0
1877,LS30,260.2
1878,LS30,3778.55
1879,J307,6747.1
1880,J308,5066.0
1881,J303,892.35
1882,LS30,468.75
1883,LS30,3729.0
1884,J309,2604.0
1885,J309,1547.6
1886,J309,124.35
1887,J309,201.9
1888,J310,414.25
1889,LS30,1348.1
1890,LS30,150.7
1891,LS30,1144.2
1892,LS30,311.15
1893,LS30,116.05
1894,LS30,180.15
1895,LS30,630.0
1896,J310,141.4
1897,LS30,77.05
1898,LS30,4073.75
1899,J303,683.6
1900,LS30,1619.4
1901,LS30,1147.75
1902,J309,378.9
1903,LS30,246.3
1904,LS30,619.1
1905,LS30,197.1
1906,LS30,572.0
1907,LS30,2504.05
1908,J303,222.9
1909,LS30,116.75
1910,LS30,159.0
1911,LC30,275.0
1912,LC30,378.05
1913,LC30,118.95
1914,J306,189.35
1915,J307,1468.5
1916,J303,892.5
1917,LS30,104.2
1918,LS30,392.8
1919,LS30,136.35
1920,LS30,176.95
1921,LS30,182.6
1922,LS30,175.35
1923,LS30,124.1
1924,LC30,910.2
1925,LS30,842.0
1926,J302,727.9
1927,J303,1155.6
1928,J304,4295.55
1929,J304,1428.1
1930,LS30,259.2
1931,LC30,2310.25
1932,J302,4745.0
1933,J302,3328.0
1934,J304,1614.15
1935,J306,98.65
1936,J304,10035.0
1937,J306,840.8
1938,J306,73.85
1939,J304,944.4
1940,J306,164.45
1941,J307,1303.15
1942,J304,248.6
1943,J304,757.6
1944,J304,1669.65
1945,J306,106.55
1946,J304,10367.15
1947,J306,868.0
1948,J303,119.7
1949,LS30,40.6
1950,LS30,25.6
1951,J311,198.05
1952,J307,6700.0
1953,J308,3419.85
1954,J303,725.55
1955,LS30,150.55
1956,LS30,2048.85
1957,J309,1071.1
1958,J309,857.25
1959,J309,32.25
1960,J309,47.55
1961,J310,335.35
1962,LS30,918.7
1963,LS30,55.45
1964,LS30,673.4
1965,LS30,113.9
1966,LS30,47.75
1967,LS30,57.65
1968,LS30,259.5
1969,J310,45.55
1970,LS30,34.75
1971,LS30,2464.35
1972,J307,5612.4
1973,J308,2165.6
1974,J303,697.25
1975,LS30,189.35
1976,LS30,1937.4
1977,J309,1239.2
1978,J309,1079.95
1979,LC30,191.5
1980,LC30,256.25
1981,LS30,910.9
1982,LS30,633.85
1983,LS30,143.1
1984,LS30,59.15
1985,LS30,79.85
1986,LS30,69.6
1987,J310,45.4
1988,LS30,167.95
1989,LS30,2345.65
1990,LS30,91.25
1991,J307,1004.8
1992,J308,2492.95
1993,J303,97.0
1994,LS30,97.25
1995,LS30,26.15
1996,LS30,492.65
1997,LS30,1246.25
1998,J308,3733.5
1999,J303,241.9
2000,LS30,870.0
2001,LS30,730.0
2002,J309,309.55
2003,LS30,67.05
2004,LS30,613.5
2005,LS30,86.65
2006,LS30,743.9
2007,LS30,820.4
2008,LS30,147.9
2009,LS30,36.45
2010,LS30,780.25
2011,LS30,508.05
2012,LS30,44.45
2013,LS30,49.25
2014,LS30,46.3
2015,LS30,355.9
2016,LS30,1443.3
2017,LS30,194.65
2018,LS30,58.6
2019,LS30,898.65
2020,LS30,576.8
2021,LS30,38.55
2022,LS30,281.6
2023,M303,38.95
2024,LS30,31.15
2025,LS30,1731.7
2026,LS30,21.85
2027,LS30,38.0
2028,LS30,2069.9
2029,LS30,128.0
2030,LS30,34.5
2031,LS30,186.2
2032,LS30,25.85
2033,LS30,37.8
2034,LS30,29.9
2035,LS30,41.9
2036,LS30,153.2
2037,LS30,23.0
2038,LS30,48.65
2039,LC30,204.5
2040,J304,888.75
2041,LS30,376.9
2042,LS30,345.7
2043,LS30,684.2
2044,LS30,658.15
2045,LC30,661.85
2046,LC30,762.35
2047,LS30,872.25
2048,LS30,523.25
2049,LC30,660.0
2050,LC30,210.7
2051,LS30,76.95
2052,LC30,759.25
2053,LS30,934.9
2054,LS30,979.95
2055,LC30,691.5
2056,J304,579.1
2057,LS30,497.5
2058,LC30,1487.0
2059,LS30,287.95
2060,LS30,832.4
2061,LS30,709.0
2062,LS30,274.75
2063,LS30,194.45
2064,LS30,402.6
2065,J304,173.15
2066,S313,149.65
2067,LC30,129.65
2068,LS30,1149.0
2069,LC30,226.45
2070,LS30,204.15
2071,LS30,378.35
2072,LC30,375.45
2073,LS30,413.7
2074,LS30,274.4
2075,LC30,352.65
2076,J304,92.05
2077,J304,133.35
2078,J306,2870.45
2079,LS30,4839.0
2080,LC30,1940.1
2081,J304,507.4
2082,LC30,294.05
2083,LS30,947.35
2084,LS30,1012.3
2085,LC30,251.2
2086,LC30,252.35
2087,LC30,263.2
2088,LC30,244.55
2089,LC30,359.9
2090,LS30,547.65
2091,LC30,302.35
2092,LS30,198.85
2093,LS30,989.65
2094,J304,215.4
2095,J309,91.4
2096,J306,144.65
2097,LS30,125.6
2098,LS30,123.15
2099,LS30,234.85
2100,LS30,78.65
2101,LS30,61.25
2102,LS30,293.85
2103,J313,161.95
2104,J304,161.95
2105,LC30,410.6
2106,J302,278.7
2107,J304,775.25
2108,J304,2994.05
2109,J304,443.2
2110,LC30,185.9
2111,J303,175.55
2112,LC30,132.25
2113,J304,265.6
2114,J304,269.4
2115,J303,682.7
2116,LS30,267.1
2117,LS30,520.15
2118,LS30,391.75
2119,LS30,287.3
2120,LS30,511.85
2121,LS30,355.15
2122,LS30,261.75
2123,LC30,189.85
2124,J304,261.15
2125,J304,282.6
2126,J303,928.0
2127,LS30,264.15
2128,LS30,608.0
2129,LS30,588.2
2130,J304,147.25
2131,LS30,182.05
2132,LS30,155.05
2133,LS30,189.1
2134,LC30,319.75
2135,LC30,300.25
2136,LC30,307.75
2137,LC30,333.2
2138,LC30,691.45
2139,LS30,694.75
2140,LS30,687.0
2141,LC30,512.05
2142,LC30,59.85
2143,J304,977.25
2144,LS30,291.5
2145,LS30,190.75
2146,LC30,976.65
2147,LS30,773.95
2148,LS30,501.3
2149,LC30,671.5
2150,LC30,131.8
2151,LS30,78.3
2152,LS30,1512.65
2153,J313,566.75
2154,J304,280.5
2155,J306,64.7
2156,J309,73.2
2157,LC30,375.3
2158,LC30,322.0
2159,LS30,192.95
2160,LS30,165.05
2161,LS30,162.9
2162,LS30,459.0
2163,LC30,1586.45
2164,LS30,180.6
2165,LS30,964.15
2166,LS30,739.6
2167,LC30,162.1
2168,LS30,1215.1
2169,LC30,548.15
2170,LC30,201.7
2171,LS30,201.2
2172,LS30,414.6
2173,J306,3283.6
2174,LS30,4334.1
2175,LC30,2026.15
2176,J304,504.0
2177,LC30,251.4
2178,LS30,964.5
2179,LS30,406.8
2180,J304,160.8
2181,S313,49.8
2182,LC30,504.6
2183,LS30,645.1
2184,LS30,999.5
2185,LC30,528.9
2186,J304,432.3
2187,LS30,352.2
2188,LS30,279.9
2189,LC30,344.95
2190,J304,100.45
2191,J304,110.6
2192,LC30,432.1
2193,LS30,466.95
2194,LC30,709.6
2195,LS30,765.6
2196,LS30,717.6
2197,LC30,680.1
2198,LS30,246.3
2199,LC30,337.25
2200,J304,113.05
2201,J304,128.35
2202,LC30,247.7
2203,LS30,442.4
2204,LC30,410.55
2205,LS30,1390.95
2206,LS30,1803.6
2207,LC30,271.45
2208,LC30,268.2
2209,LC30,275.6
2210,LC30,263.7
2211,LC30,817.75
2212,LS30,971.55
2213,LS30,1102.0
2214,LC30,695.75
2215,J304,574.35
2216,LS30,470.5
2217,J304,203.15
2218,S313,191.55
2219,LC30,1616.9
2220,LS30,43.5
2221,LS30,641.45
2222,LS30,723.8
2223,LS30,174.05
2224,LS30,175.1
2225,LS30,420.4
2226,LC30,519.5
2227,LS30,509.9
2228,LS30,467.25
2229,LC30,461.65
2230,LC30,168.95
2231,LS30,105.1
2232,LC30,382.3
2233,LS30,460.1
2234,LC30,310.0
2235,LS30,228.2
2236,J304,415.25
2237,J306,3250.6
2238,LS30,5262.0
2239,LC30,2108.95
2240,LS30,1465.0
2241,J313,897.3
2242,J304,260.65
2243,J309,88.55
2244,J306,128.45
2245,LC30,162.85
2246,J304,940.8
2247,LS30,372.5
2248,LS30,243.25
2249,LC30,229.8
2250,LS30,1294.05
2251,LC30,369.6
2252,LC30,273.2
2253,LS30,202.5
2254,LS30,498.0
2255,LS30,1548.0
2256,LS30,2634.0
2257,LS30,2874.0
2258,LS30,1311.05
2259,LS30,179.2
2260,LS30,63.45
2261,LS30,176.1
2262,LS30,214.3
2263,LS30,679.15
2264,LS30,1594.85
2265,LS30,371.2
2266,LS30,222.3
2267,LS30,821.6
2268,LS30,1142.55
2269,LS30,283.55
2270,LS30,337.95
2271,LS30,217.0
2272,LS30,557.0
2273,LS30,116.1
2274,LS30,166.8
2275,LS30,141.25
2276,J304,1549.6
2277,J306,171.75
2278,J304,6527.7
2279,J306,1279.95
2280,J304,659.85
2281,J305,175.35
2282,LS30,861.8
2283,J302,523.95
2284,J303,554.1
2285,J304,2031.6
2286,J304,1363.1
2287,LS30,201.2
2288,LC30,1031.25
2289,J302,3061.15
2290,J302,1988.5
2291,LC30,660.0
2292,J307,5692.7
2293,J308,2520.0
2294,J303,693.75
2295,LS30,177.15
2296,LS30,1741.9
2297,J309,997.7
2298,J309,1302.15
2299,J309,308.1
2300,LS30,806.7
2301,LS30,857.45
2302,LS30,196.25
2303,LS30,102.15
2304,LS30,431.0
2305,J310,189.5
2306,LS30,1918.75
2307,J309,792.3
2308,J308,3882.8
2309,LS30,1878.8
2310,J313,202.95
2311,J303,193.9
2312,LS30,722.0
2313,LS30,621.1
2314,J309,308.5
2315,LS30,119.5
2316,J303,253.65
2317,LS30,140.9
2318,J311,150.0
2319,J311,88.85
2320,LS30,152.35
2321,LC30,325.55
2322,J306,213.65
2323,J307,724.1
2324,J303,385.0
2325,LS30,187.55
2326,LS30,461.2
2327,LS30,263.05
2328,LS30,216.4
2329,LS30,330.6
2330,LC30,186.4
2331,J312,226.5
2332,J309,125.4
2333,J313,224.1
2334,LS30,2118.55
2335,LS30,496.9
2336,LS30,1341.2
2337,LS30,188.35
2338,LS30,211.4
2339,LS30,185.7
2340,LS30,177.05
2341,LS30,244.1
2342,LS30,344.35
2343,LS30,211.2
2344,LS30,696.6
2345,LS30,1737.4
2346,LS30,368.5
2347,LS30,209.95
2348,LS30,672.85
2349,LS30,1145.95
2350,LS30,206.4
2351,LS30,193.0
2352,LS30,24.25
2353,LS30,557.0
2354,LS30,136.2
2355,LS30,181.75
2356,LS30,1526.5
2357,LS30,3000.0
2358,LS30,3000.0
2359,J308,4012.0
2360,LS30,1604.9
2361,LS30,118.55
2362,J303,205.35
2363,LS30,719.95
2364,LS30,489.3
2365,J309,301.55
2366,LS30,1664.35
2367,J309,1049.1
2368,J309,1141.5
2369,J309,269.6
2370,J309,1319.7
2371,LS30,768.55
2372,LS30,936.9
2373,LS30,175.75
2374,LS30,412.2
2375,J310,117.65
2376,LS30,1843.0
2377,J307,5692.7
2378,J308,2779.1
2379,J303,569.25
2380,LS30,97.75
2381,LC30,479.8
2382,LS30,859.65
2383,J302,322.1
2384,J303,576.5
2385,J304,2031.6
2386,J304,1264.1
2387,LS30,192.3
2388,LC30,900.0
2389,J302,3070.6
2390,J302,1899.2
2391,J304,1541.35
2392,J306,127.65
2393,J304,6076.0
2394,J306,1279.95
2395,J304,613.9
2396,J305,73.25
2397,J303,335.6
2398,LS30,157.45
2399,LS30,158.25
2400,J311,156.5
2401,J311,175.95
2402,LS30,171.9
2403,LC30,391.45
2404,LC30,160.6
2405,J306,213.0
2406,J307,514.4
2407,J303,339.1
2408,LS30,168.95
2409,LS30,468.9
2410,LS30,259.15
2411,LS30,202.4
2412,LS30,310.5
2413,J312,223.0
2414,J309,174.4
2415,J313,231.35
2416,LS30,2038.75
2417,LS30,503.8
2418,J315,281.85
2419,M302,401.8
2420,LC30,618.65
2421,LC30,2587.35
2422,LC30,569.9
2423,M302,376.6
2424,LS30,595.0
2425,LS30,1568.05
2426,LS30,322.6
2427,LS30,181.1
2428,LS30,745.9
2429,LS30,1096.35
2430,LS30,213.0
2431,LS30,344.7
2432,LS30,192.7
2433,LS30,557.0
2434,LS30,93.4
2435,LS30,150.1
2436,LS30,160.05
2437,LS30,24.0
2438,LS30,1435.0
2439,LS30,153.65
2440,LS30,172.15
2441,LS30,139.65
2442,LS30,118.55
2443,LS30,209.15
2444,J312,214.3
2445,J309,126.7
2446,J313,222.6
2447,LS30,2056.6
2448,LS30,505.4
2449,LC30,143.05
2450,J306,190.4
2451,J307,502.7
2452,J303,352.75
2453,LS30,163.5
2454,LS30,489.1
2455,LS30,238.65
2456,LS30,196.95
2457,LS30,288.6
2458,J303,343.3
2459,LS30,136.2
2460,LS30,131.5
2461,J311,135.5
2462,J311,146.2
2463,LS30,161.95
2464,LC30,443.65
2465,LS30,1462.8
2466,LS30,2803.65
2467,LS30,3000.0
2468,J304,567.95
2469,J305,114.25
2470,J304,1549.6
2471,J306,116.1
2472,J304,6753.55
2473,J306,1219.25
2474,LC30,476.0
2475,LS30,618.75
2476,J302,292.3
2477,J304,1683.3
2478,J304,1249.9
2479,LS30,166.7
2480,LC30,924.45
2481,J302,2736.1
2482,J302,2043.2
2483,J303,567.95
2484,J308,3916.2
2485,LS30,1761.1
2486,J313,182.6
2487,LS30,722.0
2488,LS30,617.9
2489,J309,331.75
2490,LS30,118.55
2491,J303,198.5
2492,J307,5692.7
2493,J308,2476.45
2494,J303,571.8
2495,LS30,123.35
2496,LS30,1667.65
2497,J309,1041.0
2498,J309,1139.3
2499,J309,288.1
2500,J309,772.5
2501,LS30,840.25
2502,LS30,869.2
2503,LS30,174.1
2504,LS30,477.8
2505,J310,147.65
2506,LS30,1790.8
2507,LS30,141.2
2508,LC30,575.25
2509,LS30,1825.25
2510,LS30,819.2
2511,LC30,752.6
2512,LS30,264.7
2513,LS30,316.5
2514,LC30,584.35
2515,LS30,213.25
2516,LS30,274.2
2517,LC30,1168.8
2518,LS30,1632.05
2519,LC30,803.25
2520,J304,224.0
2521,LC30,134.0
2522,J304,203.05
2523,LS30,254.6
2524,LS30,70.3
2525,LC30,35.2
2526,J311,167.7
2527,J311,182.4
2528,LC30,67.6
2529,J312,1151.6
2530,J313,766.4
2531,J304,551.9
2532,J309,125.15
2533,J306,64.7
2534,LC30,354.8
2535,LS30,255.1
2536,LS30,101.25
2537,LC30,314.6
2538,J311,120.3
2539,LS30,74.7
2540,LC30,1223.8
2541,LS30,42.0
2542,LS30,52.15
2543,J312,1800.8
2544,LS30,140.3
2545,LS30,120.1
2546,LS30,969.4
2547,LC30,155.05
2548,LS30,1162.75
2549,J311,592.0
2550,LC30,267.45
2551,LS30,192.75
2552,LS30,730.4
2553,LC30,329.0
2554,J304,150.55
2555,LS30,143.25
2556,LC30,236.55
2557,LS30,287.3
2558,LS30,94.15
2559,J304,209.2
2560,LS30,79.5
2561,J304,177.0
2562,J304,173.1
2563,LC30,410.6
2564,LS30,246.35
2565,LS30,158.3
2566,LC30,330.35
2567,LC30,552.6
2568,LS30,802.95
2569,LC30,521.6
2570,LS30,420.65
2571,LC30,528.2
2572,LS30,768.4
2573,LC30,517.5
2574,LS30,358.85
2575,LC30,1164.6
2576,LS30,74.25
2577,LS30,86.25
2578,J312,1814.7
2579,LS30,162.65
2580,LS30,177.85
2581,LS30,929.6
2582,LC30,729.6
2583,LS30,328.35
2584,LS30,303.75
2585,LC30,597.7
2586,LS30,126.2
2587,LS30,273.15
2588,LS30,244.65
2589,LS30,81.0
2590,LC30,334.05
2591,J311,142.15
2592,LC30,229.45
2593,LS30,299.3
2594,LS30,87.5
2595,LC30,323.0
2596,J304,186.3
2597,LS30,147.05
2598,J312,1131.8
2599,J313,806.0
2600,J304,589.0
2601,J309,130.3
2602,J306,144.8
2603,LC30,147.95
2604,J304,267.15
2605,LS30,271.25
2606,LS30,101.9
2607,LC30,583.8
2608,LS30,1972.95
2609,LS30,772.1
2610,LC30,79.9
2611,LS30,1150.4
2612,J311,593.8
2613,LC30,270.55
2614,LS30,207.4
2615,LS30,671.35
2616,LC30,423.25
2617,LS30,266.65
2618,LS30,134.0
2619,LC30,277.5
2620,LC30,34.0
2621,J311,163.95
2622,J311,178.3
2623,LC30,86.1
2624,LC30,1744.85
2625,LS30,1944.55
2626,LC30,1040.2
2627,J304,241.4
2628,J304,218.7
2629,LS30,46.2
2630,J304,177.8
2631,J304,168.9
2632,LC30,1428.25
2633,LS30,1987.45
2634,LC30,937.45
2635,J304,238.8
2636,LC30,602.7
2637,LS30,2286.9
2638,LS30,823.6
2639,LC30,528.3
2640,LS30,776.35
2641,LC30,529.7
2642,LS30,358.85
2643,LC30,721.55
2644,LS30,217.6
2645,LS30,273.9
2646,LC30,520.85
2647,LS30,154.65
2648,LS30,265.8
2649,J312,1097.1
2650,J313,766.4
2651,J304,623.1
2652,J309,120.2
2653,J306,83.9
2654,LC30,1175.0
2655,LS30,92.35
2656,LS30,78.35
2657,J312,1814.7
2658,LS30,178.2
2659,LS30,173.1
2660,LS30,974.0
2661,LC30,266.65
2662,LS30,293.25
2663,LS30,94.1
2664,LC30,318.65
2665,J304,191.4
2666,LS30,150.0
2667,LC30,109.75
2668,J311,580.5
2669,LC30,271.1
2670,LS30,232.55
2671,LS30,719.3
2672,J304,220.5
2673,LS30,57.4
2674,J304,171.5
2675,J304,153.7
2676,LS30,87.9
2677,LS30,252.2
2678,LC30,355.5
2679,LS30,84.0
2680,LC30,328.85
2681,J311,126.3
2682,LS30,156.6
2683,LC30,285.65
2684,LC30,423.25
2685,LS30,264.25
2686,LC30,40.4
2687,J311,168.35
2688,J311,179.35
2689,LC30,80.0
2690,LS30,86.8
2691,LC30,145.8
2692,J304,221.2
2693,LS30,264.75
2694,LC30,120.55
2695,LS30,1165.45
2696,J311,598.0
2697,LC30,259.9
2698,LS30,221.25
2699,LS30,728.05
2700,LS30,1607.9
2701,LS30,635.6
2702,LC30,714.0
2703,LC30,1846.0
2704,LS30,1855.0
2705,LC30,896.1
2706,J304,472.3
2707,J304,194.7
2708,LS30,48.0
2709,J304,166.7
2710,J304,151.8
2711,LC30,45.25
2712,J311,183.75
2713,J311,195.85
2714,LC30,97.65
2715,LC30,1168.7
2716,LS30,66.1
2717,J312,1814.7
2718,LS30,146.0
2719,LS30,139.5
2720,LS30,860.1
2721,LS30,80.5
2722,LC30,516.4
2723,LS30,768.4
2724,LC30,517.7
2725,LS30,387.3
2726,LC30,222.45
2727,LS30,277.55
2728,LS30,94.5
2729,LC30,316.75
2730,J304,182.5
2731,LS30,142.9
2732,J312,997.9
2733,J313,767.2
2734,J304,581.6
2735,J309,119.6
2736,J306,36.2
2737,LC30,423.25
2738,LS30,275.6
2739,LS30,141.1
2740,LC30,281.75
2741,LC30,138.7
2742,J304,233.1
2743,LS30,238.5
2744,LS30,83.05
2745,LC30,736.45
2746,LS30,320.05
2747,LS30,306.9
2748,LC30,631.05
2749,LS30,135.6
2750,LS30,288.95
2751,LC30,369.1
2752,LS30,264.85
2753,LS30,118.35
2754,LC30,319.75
2755,J311,150.95
2756,LS30,95.5
2757,LC30,237.65
2758,J302,180.6
2759,J304,265.65
2760,J304,1708.0
2761,J304,383.45
2762,LC30,238.5
2763,J303,170.95
2764,LS30,170.95
2765,LS30,170.95
2766,LS30,169.7
2767,LS30,106.65
2768,LS30,171.95
2769,LS30,396.9
2770,J313,175.85
2771,J304,175.85
2772,EQOP,98.55
2773,J304,260.05
2774,J304,248.65
2775,J303,794.75
2776,M303,232.2
2777,M302,348.2
2778,LS30,243.2
2779,LC30,85.3
2780,J304,270.05
2781,J304,280.05
2782,J303,928.0
2783,LS30,270.1
2784,LS30,282.2
2785,LS30,367.85
2786,LS30,275.85
2787,LS30,583.1
2788,S312,559.1
2789,LC30,667.1
2790,LC30,672.0
2791,J304,159.3
2792,LS30,239.3
2793,LS30,143.0
2794,LS30,186.4
2795,LC30,423.25
2796,LS30,253.25
2797,LS30,148.45
2798,LC30,269.55
2799,J304,207.2
2800,LS30,44.1
2801,J304,179.15
2802,J304,162.7
2803,LC30,14.5
2804,J311,169.95
2805,J311,173.05
2806,LC30,44.7
2807,LC30,227.4
2808,LS30,278.85
2809,LS30,84.0
2810,LC30,316.75
2811,J304,190.5
2812,LC30,1468.9
2813,LS30,1883.8
2814,LC30,898.55
2815,J304,270.8
2816,LS30,1165.45
2817,J311,600.85
2818,LC30,268.7
2819,LS30,213.9
2820,LS30,763.2
2821,LC30,1164.6
2822,LS30,80.35
2823,LS30,68.75
2824,J312,1814.0
2825,LS30,141.6
2826,LS30,173.4
2827,LS30,954.7
2828,LC30,365.15
2829,LS30,250.55
2830,LS30,85.05
2831,LC30,335.65
2832,J311,141.55
2833,LS30,98.85
2834,LC30,528.3
2835,LS30,776.35
2836,LC30,517.4
2837,LS30,358.9
2838,LC30,499.65
2839,LS30,2109.1
2840,LS30,947.4
2841,J312,1131.8
2842,J313,766.4
2843,J304,636.15
2844,J306,125.1
2845,J309,157.3
2846,LS30,251.6
2847,LS30,291.15
2848,LC30,585.5
2849,LS30,137.05
2850,LS30,233.9
2851,LS30,250.6
2852,LS30,73.7
2853,LC30,131.8
2854,J304,219.5
2855,LC30,648.45
2856,LS30,736.95
2857,J302,502.55
2858,J303,658.95
2859,J304,1683.3
2860,J304,1396.0
2861,LS30,139.2
2862,LC30,932.35
2863,J302,2607.6
2864,J302,2044.4
2865,J304,583.2
2866,J305,114.5
2867,J304,1784.45
2868,J306,116.2
2869,J304,6753.55
2870,J306,1220.45
2871,LS30,349.35
2872,J303,258.2
2873,LS30,171.0
2874,LS30,94.05
2875,J311,77.65
2876,LS30,183.3
2877,LC30,247.85
2878,J311,89.6
2879,LS30,1904.35
2880,LS30,456.7
2881,LC30,176.0
2882,J306,188.05
2883,J307,588.4
2884,LS30,149.65
2885,LS30,423.35
2886,LS30,240.85
2887,LS30,200.5
2888,J303,377.0
2889,J312,205.8
2890,J309,115.35
2891,J313,237.85
2892,LS30,496.55
2893,LS30,95.3
2894,LS30,127.7
2895,LS30,31.6
2896,LS30,83.5
2897,LS30,215.3
2898,LS30,167.25
2899,LS30,636.0
2900,LS30,1446.6
2901,LS30,340.65
2902,LS30,119.05
2903,LS30,283.65
2904,LS30,998.8
2905,LS30,115.0
2906,LS30,1192.3
2907,LS30,208.05
2908,LS30,244.5
2909,LS30,57.95
2910,LS30,161.9
2911,LS30,218.15
2912,LS30,1575.0
2913,LS30,2736.0
2914,LS30,2925.0
2915,LS30,700.65
2916,LS30,687.8
2917,LS30,122.7
2918,LS30,73.3
2919,LS30,387.3
2920,J310,87.9
2921,LS30,1710.5
2922,J307,5105.6
2923,J308,1893.9
2924,J303,587.05
2925,LS30,100.6
2926,LS30,1623.3
2927,J309,1014.1
2928,J309,1118.3
2929,J309,175.4
2930,J309,858.1
2931,J308,3165.55
2932,LS30,1366.35
2933,J313,200.95
2934,J303,175.65
2935,LS30,638.0
2936,LS30,454.9
2937,J309,269.35
2938,LS30,112.8
2939,J315,266.5
2940,M302,328.35
2941,LC30,603.6
2942,LC30,2386.05
2943,LC30,663.65
2944,M302,322.65
2945,J307,3102.85
2946,J308,1676.1
2947,J303,322.4
2948,LS30,76.15
2949,LS30,945.8
2950,J309,870.5
2951,J309,592.85
2952,J309,42.8
2953,J309,202.4
2954,LS30,546.55
2955,LS30,912.85
2956,LS30,54.55
2957,LS30,37.9
2958,LS30,242.3
2959,J310,30.1
2960,LS30,902.75
2961,J308,2415.6
2962,LS30,1876.6
2963,J313,73.75
2964,J303,73.45
2965,LS30,301.3
2966,LS30,294.7
2967,J309,161.4
2968,LS30,98.45
2969,LS30,10.5
2970,LS30,22.05
2971,LS30,247.5
2972,LS30,20.15
2973,LS30,24.1
2974,LS30,65.65
2975,LS30,33.2
2976,LS30,457.0
2977,LS30,666.5
2978,LS30,259.1
2979,LS30,26.65
2980,LS30,149.65
2981,LS30,397.4
2982,LS30,25.95
2983,LS30,65.75
2984,LS30,1241.85
2985,LS30,29.45
2986,LS30,42.4
2987,LS30,27.25
2988,LS30,1118.95
2989,LS30,451.45
2990,J313,51.65
2991,J312,40.75
2992,J309,41.75
2993,J311,29.2
2994,J303,67.5
2995,LS30,38.45
2996,LS30,29.6
2997,J311,30.3
2998,LC30,65.4
2999,J306,55.75
3000,J307,499.7
3001,J303,226.2
3002,LS30,63.6
3003,LS30,401.5
3004,LS30,69.1
3005,LS30,180.35
3006,LS30,112.85
3007,LS30,1312.55
3008,LS30,195.65
3009,LS30,211.45
3010,LS30,230.7
3011,LS30,971.0
3012,LS30,1033.8
3013,LS30,319.6
3014,LS30,130.7
3015,LS30,244.2
3016,LS30,1103.0
3017,LS30,121.05
3018,LS30,242.4
3019,LS30,170.85
3020,LS30,78.0
3021,LS30,79.2
3022,LS30,552.35
3023,LS30,87.3
3024,LS30,86.9
3025,J309,301.95
3026,LS30,131.75
3027,J313,245.2
3028,J303,207.75
3029,LS30,704.0
3030,LS30,526.4
3031,J308,3532.95
3032,LS30,1533.8
3033,J307,5863.85
3034,J308,1756.4
3035,J303,665.4
3036,LS30,119.9
3037,LS30,1702.4
3038,J309,962.7
3039,J309,1217.3
3040,J309,298.2
3041,J309,1173.05
3042,LS30,841.25
3043,LS30,915.55
3044,LS30,180.8
3045,LS30,142.8
3046,LS30,409.9
3047,J310,156.0
3048,LS30,1781.05
3049,J304,827.65
3050,J305,87.55
3051,J304,1484.4
3052,J306,122.1
3053,J304,6527.7
3054,J306,1285.2
3055,LC30,571.7
3056,LS30,776.45
3057,J302,309.6
3058,J303,495.2
3059,J304,1335.0
3060,J304,1336.8
3061,LS30,170.6
3062,LC30,871.8
3063,J302,2579.25
3064,J302,2187.2
3065,LC30,183.4
3066,J306,232.7
3067,J307,599.7
3068,J303,404.45
3069,LS30,162.55
3070,LS30,506.75
3071,LS30,218.65
3072,LS30,198.95
3073,LS30,2090.9
3074,LS30,524.7
3075,LS30,330.4
3076,J303,385.65
3077,LS30,145.1
3078,J311,145.1
3079,LS30,211.1
3080,LC30,410.25
3081,LS30,201.35
3082,J312,230.95
3083,J309,200.4
3084,J313,258.5
3085,LS30,3000.0
3086,LS30,1560.15
3087,LS30,2925.0
3088,LC30,307.75
3089,LS30,781.5
3090,LC30,248.4
3091,LS30,143.0
3092,J312,844.8
3093,J313,763.1
3094,J304,269.3
3095,J309,270.75
3096,J306,94.55
3097,LC30,92.1
3098,J304,212.8
3099,LS30,213.75
3100,LS30,95.5
3101,LS30,1429.2
3102,LC30,1944.75
3103,LS30,1614.1
3104,LC30,1145.9
3105,LS30,43.7
3106,LS30,68.65
3107,J312,1501.6
3108,LS30,151.65
3109,LS30,147.75
3110,LS30,668.3
3111,LC30,337.35
3112,LS30,349.3
3113,LS30,128.85
3114,LC30,285.85
3115,J311,70.8
3116,LS30,49.35
3117,J311,53.1
3118,J311,185.6
3119,J311,183.7
3120,J311,45.4
3121,LC30,402.05
3122,LS30,110.05
3123,LS30,99.85
3124,LC30,160.25
3125,LS30,237.85
3126,LS30,121.15
3127,LC30,242.35
3128,LS30,169.65
3129,LS30,172.8
3130,LC30,206.6
3131,LC30,180.8
3132,LS30,182.05
3133,LS30,136.25
3134,LC30,163.9
3135,J304,168.9
3136,J304,170.6
3137,LC30,1574.65
3138,LS30,2115.0
3139,LC30,1117.75
3140,J304,583.9
3141,LC30,211.05
3142,LS30,1014.0
3143,J311,592.65
3144,LS30,209.85
3145,LS30,201.95
3146,J304,160.45
3147,LS30,60.2
3148,J304,118.1
3149,J304,60.45
3150,LC30,302.9
3151,J302,55.4
3152,J304,426.0
3153,J304,1708.0
3154,J304,202.9
3155,J303,58.6
3156,LS30,45.8
3157,LS30,29.0
3158,LS30,48.7
3159,LS30,63.9
3160,LS30,166.2
3161,J313,66.75
3162,J304,65.9
3163,LC30,155.5
3164,J304,147.95
3165,LS30,257.7
3166,LS30,145.8
3167,LS30,98.05
3168,J304,139.3
3169,LS30,54.7
3170,J304,87.5
3171,J304,79.8
3172,LC30,355.9
3173,LS30,145.0
3174,LS30,101.35
3175,LC30,224.6
3176,LS30,157.95
3177,LS30,142.35
3178,LC30,1594.5
3179,LS30,2280.15
3180,LC30,1098.5
3181,J304,385.5
3182,LC30,2255.4
3183,LS30,1109.7
3184,LS30,1252.8
3185,LC30,67.6
3186,J304,1304.35
3187,LS30,248.6
3188,LS30,174.25
3189,LS30,41.3
3190,LC30,400.25
3191,LS30,371.15
3192,LS30,154.9
3193,LC30,344.5
3194,J311,69.95
3195,LC30,1106.0
3196,LS30,115.75
3197,LS30,94.45
3198,J312,1501.6
3199,LS30,184.25
3200,LS30,142.55
3201,LS30,723.5
3202,LC30,336.65
3203,LS30,769.65
3204,LC30,280.85
3205,LS30,134.7
3206,LC30,240.6
3207,LS30,181.95
3208,LC30,230.05
3209,LS30,163.7
3210,LC30,203.35
3211,LS30,757.85
3212,J311,605.2
3213,LC30,174.85
3214,LS30,219.95
3215,LS30,208.2
3216,LC30,185.2
3217,LS30,182.45
3218,LS30,123.0
3219,LC30,179.85
3220,J304,171.9
3221,J304,171.4
3222,J311,40.85
3223,J311,192.65
3224,J311,189.1
3225,J311,49.75
3226,J312,915.4
3227,J313,746.9
3228,J304,260.1
3229,J309,348.6
3230,J306,24.15
3231,J315,150.3
3232,M302,257.5
3233,LC30,573.4
3234,LC30,2219.7
3235,LC30,333.25
3236,M302,236.3
3237,J307,518.45
3238,LS30,199.25
3239,LS30,65.6
3240,LS30,358.5
3241,LS30,192.0
3242,LC30,83.95
3243,J304,706.1
3244,J312,331.2
3245,J309,208.9
3246,J313,230.4
3247,LS30,2388.05
3248,LS30,212.2
3249,LS30,62.0
3250,J311,422.6
3251,LC30,500.0
3252,LS30,390.8
3253,J303,656.0
3254,LS30,62.0
3255,J307,673.75
3256,J308,1716.1
3257,J303,130.0
3258,LS30,1336.0
3259,LS30,66.5
3260,LS30,166.3
3261,LS30,947.85
3262,J310,88.0
3263,LS30,694.1
3264,J307,6311.9
3265,J308,8398.35
3266,J303,1216.0
3267,LS30,1216.0
3268,LS30,4743.0
3269,J309,2036.1
3270,J309,1735.25
3271,J309,289.45
3272,J310,875.0
3273,LS30,1239.5
3274,LS30,1259.4
3275,LS30,294.05
3276,LS30,205.25
3277,J310,177.25
3278,LS30,262.0
3279,LS30,5362.2
3280,J307,9738.0
3281,J308,13694.15
3282,J303,1509.9
3283,LS30,243.05
3284,LS30,5357.7
3285,J309,4058.75
3286,J309,1722.1
3287,J309,684.5
3288,J309,664.65
3289,J310,875.0
3290,LS30,1411.1
3291,LS30,152.9
3292,LS30,1331.7
3293,LS30,304.2
3294,LS30,173.95
3295,LS30,161.75
3296,LS30,572.0
3297,J308,14082.05
3298,J309,943.4
3299,LS30,3521.8
3300,J303,770.8
3301,LS30,1096.4
3302,LS30,1371.85
3303,J309,678.1
3304,LS30,624.9
3305,LS30,1032.9
3306,LS30,198.7
3307,LS30,1500.0
3308,LS30,3000.0
3309,LS30,3000.0
3310,LS30,429.55
3311,LS30,701.2
3312,LS30,1222.0
3313,LS30,1318.0
3314,LS30,296.0
3315,LS30,227.0
3316,LS30,1578.75
3317,LS30,1014.7
3318,LS30,461.35
3319,LS30,1216.05
3320,LS30,1318.0
3321,LS30,291.1
3322,LS30,225.75
3323,LS30,1577.35
3324,LS30,1058.25
3325,LS30,513.8
3326,LS30,385.2
3327,LS30,561.2
3328,LS30,923.8
3329,LS30,182.0
3330,LS30,296.9
3331,LS30,952.3
3332,LS30,114.0
3333,LS30,281.75
3334,LS30,109.0
3335,LS30,75.2
3336,LS30,332.6
3337,LS30,442.0
3338,LS30,177.05
3339,LS30,67.85
3340,LS30,67.0
3341,LS30,442.0
3342,LS30,171.3
3343,LS30,136.5
3344,LS30,134.85
3345,LS30,67.0
3346,J304,1214.7
3347,J306,83.9
3348,J304,2502.15
3349,J306,218.1
3350,J307,2200.0
3351,J304,555.0
3352,J304,3580.0
3353,J306,222.75
3354,J304,16119.0
3355,J306,1141.0
3356,J304,4120.2
3357,J306,252.95
3358,J304,16844.35
3359,J306,1296.4
3360,J303,792.35
3361,J304,7888.2
3362,J304,1595.2
3363,LS30,525.35
3364,LC30,1030.2
3365,J302,7595.35
3366,J302,4422.0
3367,J302,810.0
3368,LC30,1133.85
3369,LS30,1584.0
3370,LC30,1114.0
3371,LS30,1472.3
3372,J302,799.05
3373,J303,733.25
3374,J304,7888.2
3375,J304,1595.2
3376,LS30,525.35
3377,LC30,1041.0
3378,J302,7595.35
3379,J302,4422.0
3380,J304,1244.8
3381,J306,205.0
3382,J304,2600.85
3383,J306,433.05
3384,J307,2095.5
3385,J304,555.0
3386,J304,4120.2
3387,J306,252.95
3388,J304,16830.0
3389,J304,3580.0
3390,J306,224.0
3391,J304,16119.0
3392,J306,1141.0
3393,J308,14275.0
3394,J309,943.4
3395,LS30,3687.2
3396,J303,785.8
3397,LS30,1138.0
3398,LS30,1399.2
3399,J309,664.7
3400,LS30,624.9
3401,LS30,1046.0
3402,LS30,198.7
3403,J309,1733.05
3404,J309,684.5
3405,J309,677.75
3406,J310,875.0
3407,LS30,1445.9
3408,LS30,153.85
3409,LS30,1335.0
3410,LS30,306.1
3411,LS30,175.2
3412,LS30,162.4
3413,LS30,572.0
3414,J310,177.05
3415,LS30,262.0
3416,LS30,5426.0
3417,J307,9738.0
3418,J308,13694.15
3419,J303,1580.0
3420,LS30,241.75
3421,LS30,5391.85
3422,J309,3873.45
3423,J307,6230.35
3424,J308,8718.7
3425,J303,1216.0
3426,LS30,1216.0
3427,LS30,4777.15
3428,J309,1909.55
3429,J309,1744.0
3430,J309,290.15
3431,J310,875.0
3432,LS30,1291.85
3433,LS30,306.1
3434,LS30,212.55
3435,LS30,162.0
3436,LS30,1060.7
3437,J310,88.0
3438,LS30,759.8
3439,LS30,4803.3
3440,LS30,1321.3
3441,J307,708.75
3442,J308,1716.1
3443,J303,136.0
3444,LS30,1425.5
3445,LS30,66.5
3446,LS30,3000.0
3447,LS30,1500.0
3448,LS30,3000.0
3449,LS30,2686.0
3450,LS30,171.7
3451,LC30,85.4
3452,J304,788.6
3453,J307,518.4
3454,LS30,215.6
3455,LS30,64.8
3456,LS30,336.0
3457,LS30,205.9
3458,J303,656.0
3459,LS30,62.0
3460,LS30,56.0
3461,J311,507.2
3462,J311,159.3
3463,LC30,477.8
3464,LS30,390.8
3465,J312,344.0
3466,J309,207.3
3467,J313,227.7
3468,LS30,293.9
3469,LS30,227.85
3470,LS30,1577.35
3471,LS30,1051.55
3472,LS30,520.0
3473,LS30,1216.05
3474,LS30,1318.0
3475,LS30,429.7
3476,LS30,1318.0
3477,LS30,296.0
3478,LS30,227.0
3479,LS30,1578.75
3480,LS30,1008.0
3481,LS30,471.55
3482,LS30,1222.0
3483,LS30,109.5
3484,LS30,75.2
3485,LS30,339.85
3486,LS30,442.0
3487,LS30,179.85
3488,LS30,68.7
3489,LS30,67.0
3490,LS30,442.0
3491,LS30,175.15
3492,LS30,137.8
3493,LS30,134.05
3494,LS30,128.4
3495,LS30,114.0
3496,LS30,281.75
3497,LS30,978.0
3498,LS30,978.0
3499,LS30,182.0
3500,LS30,294.6
3501,LS30,392.1
3502,LS30,570.4
3503,LS30,2686.0
3504,LS30,171.2
3505,LC30,64.0
3506,J304,784.3
3507,J307,518.4
3508,LS30,206.95
3509,LS30,56.0
3510,LS30,336.0
3511,LS30,208.55
3512,J303,656.0
3513,LS30,62.0
3514,LS30,65.9
3515,J311,486.2
3516,J311,176.0
3517,LC30,500.0
3518,LS30,390.8
3519,J312,344.0
3520,J313,227.7
3521,LS30,3000.0
3522,LS30,1500.0
3523,LS30,3000.0
3524,LS30,513.1
3525,LS30,1222.0
3526,LS30,1318.0
3527,LS30,295.3
3528,LS30,228.3
3529,LS30,1577.35
3530,LS30,1068.3
3531,LS30,412.3
3532,LS30,697.15
3533,LS30,1222.0
3534,LS30,1318.0
3535,LS30,296.0
3536,LS30,227.15
3537,LS30,1578.75
3538,LS30,1014.7
3539,LS30,454.45
3540,LS30,442.0
3541,LS30,180.7
3542,LS30,68.7
3543,LS30,67.0
3544,LS30,109.5
3545,LS30,68.7
3546,LS30,339.85
3547,LS30,442.0
3548,LS30,180.15
3549,LS30,136.1
3550,LS30,132.35
3551,LS30,128.4
3552,LS30,391.9
3553,LS30,570.4
3554,LS30,978.0
3555,LS30,116.4
3556,LS30,283.15
3557,LS30,978.0
3558,LS30,182.0
3559,LS30,298.3
3560,J304,3580.0
3561,J306,215.4
3562,J304,16119.0
3563,J306,1141.0
3564,J304,4120.2
3565,J306,241.15
3566,J304,16830.0
3567,J306,1295.0
3568,J304,1249.3
3569,J306,102.1
3570,J304,2502.15
3571,J306,307.95
3572,J307,2095.5
3573,J304,555.0
3574,LC30,1041.0
3575,J302,7595.35
3576,J302,4422.0
3577,LC30,1071.05
3578,LS30,1385.3
3579,J302,772.75
3580,J303,628.9
3581,J304,7888.2
3582,J304,1606.0
3583,LS30,525.35
3584,J308,14275.0
3585,J309,949.6
3586,LS30,3806.0
3587,J303,790.8
3588,LS30,1399.2
3589,J309,692.8
3590,LS30,627.3
3591,LS30,1046.0
3592,LS30,213.45
3593,J307,9738.0
3594,J308,13694.15
3595,J303,1509.9
3596,LS30,239.7
3597,LS30,5391.85
3598,J309,3892.7
3599,J309,1744.0
3600,J309,684.5
3601,J309,649.3
3602,J310,875.0
3603,LS30,1430.9
3604,LS30,150.0
3605,LS30,1335.0
3606,LS30,306.1
3607,LS30,179.7
3608,LS30,163.8
3609,LS30,572.0
3610,J310,180.8
3611,LS30,262.0
3612,LS30,5426.0
3613,J308,8718.7
3614,J303,1216.0
3615,LS30,1216.0
3616,LS30,4811.3
3617,J309,1813.9
3618,J309,1744.0
3619,J309,290.15
3620,J310,875.0
3621,LS30,1310.85
3622,LS30,1321.3
3623,LS30,308.0
3624,LS30,212.55
3625,LS30,162.0
3626,LS30,1011.9
3627,J310,88.0
3628,LS30,731.4
3629,LS30,4803.3
3630,J307,708.75
3631,J308,1794.2
3632,J303,136.0
3633,LS30,1345.9
3634,LS30,66.3
3635,J304,928.6
3636,J307,601.6
3637,LS30,289.1
3638,LS30,65.9
3639,LS30,336.2
3640,LS30,236.2
3641,LC30,164.2
3642,J312,333.2
3643,J309,244.7
3644,J313,273.35
3645,LS30,3262.7
3646,LS30,226.25
3647,LS30,370.6
3648,J303,692.3
3649,LS30,84.4
3650,LS30,97.4
3651,J311,466.6
3652,J311,188.2
3653,LC30,500.0
3654,LS30,1500.0
3655,LS30,3000.0
3656,LS30,3000.0
3657,LS30,530.0
3658,LS30,190.3
3659,LS30,82.65
3660,LS30,83.5
3661,LS30,464.0
3662,LS30,217.5
3663,LS30,158.7
3664,LS30,153.1
3665,LS30,87.5
3666,LS30,148.35
3667,LS30,79.45
3668,LS30,402.05
3669,LS30,1374.0
3670,LS30,1497.3
3671,LS30,314.9
3672,LS30,258.05
3673,LS30,1578.75
3674,LS30,1080.25
3675,LS30,516.1
3676,LS30,1466.8
3677,LS30,1455.6
3678,LS30,340.7
3679,LS30,257.6
3680,LS30,1576.85
3681,LS30,1290.2
3682,LS30,529.9
3683,LS30,477.1
3684,LS30,684.2
3685,LS30,1090.2
3686,LS30,231.0
3687,LS30,343.5
3688,LS30,466.1
3689,LS30,575.3
3690,LS30,1136.6
3691,LS30,152.0
3692,LS30,343.8
3693,J308,15955.75
3694,J309,941.1
3695,LS30,4351.6
3696,LS30,1352.5
3697,LS30,1689.6
3698,J309,775.7
3699,LS30,731.5
3700,LS30,1214.9
3701,LS30,300.7
3702,J303,921.4
3703,J307,11441.8
3704,J308,15570.2
3705,J303,1875.5
3706,LS30,296.4
3707,LS30,6137.4
3708,J309,2847.1
3709,J309,2092.8
3710,J309,684.5
3711,J309,629.35
3712,J310,1006.4
3713,LS30,1622.0
3714,LS30,202.75
3715,LS30,1568.8
3716,LS30,369.6
3717,LS30,216.65
3718,LS30,184.4
3719,LS30,672.1
3720,J310,219.95
3721,LS30,260.7
3722,LS30,6222.8
3723,J307,1265.65
3724,J308,2053.0
3725,J303,159.8
3726,LS30,1688.9
3727,LS30,191.75
3728,LS30,1375.1
3729,LS30,1549.5
3730,LS30,365.75
3731,LS30,261.45
3732,LS30,175.7
3733,LS30,1037.75
3734,J310,114.95
3735,LS30,910.1
3736,LS30,5611.75
3737,J307,7306.35
3738,J308,8692.0
3739,J303,1257.1
3740,LS30,1351.05
3741,LS30,5632.8
3742,J309,1865.95
3743,J309,2049.2
3744,J309,309.25
3745,J310,1072.1
3746,J304,4320.1
3747,J306,363.65
3748,J304,19552.0
3749,J306,1218.05
3750,J304,1594.25
3751,J306,138.5
3752,J304,2502.15
3753,J306,344.35
3754,J307,2095.5
3755,J304,555.0
3756,J304,4624.1
3757,J306,430.25
3758,J304,19945.3
3759,J306,1456.0
3760,J303,648.0
3761,J304,9138.4
3762,LS30,612.0
3763,LC30,1081.5
3764,J302,7595.35
3765,J302,5473.65
3766,J304,1780.95
3767,LC30,951.8
3768,LS30,1211.65
3769,J302,905.55
3770,LC30,1006.55
3771,LS30,1412.45
3772,J302,783.05
3773,J303,575.0
3774,J304,7888.2
3775,J304,1595.2
3776,LS30,518.95
3777,LC30,1041.0
3778,J302,7595.35
3779,J302,4422.0
3780,J304,1249.3
3781,J306,121.1
3782,J304,2502.15
3783,J306,326.95
3784,J307,2095.5
3785,J304,555.0
3786,J306,1295.0
3787,J304,4092.9
3788,J306,251.35
3789,J304,16830.0
3790,J304,3603.3
3791,J306,224.0
3792,J304,16119.0
3793,J306,1141.0
3794,LS30,1500.0
3795,LS30,3000.0
3796,LS30,3000.0
3797,LC30,72.4
3798,J304,840.0
3799,J307,521.0
3800,LS30,216.35
3801,LS30,56.0
3802,LS30,336.0
3803,LS30,207.2
3804,LS30,400.0
3805,J303,656.0
3806,LS30,62.0
3807,LS30,71.9
3808,J311,507.1
3809,J311,169.3
3810,LC30,500.0
3811,J312,344.0
3812,J309,204.8
3813,J313,230.9
3814,LS30,2647.5
3815,LS30,171.2
3816,LS30,433.45
3817,LS30,704.25
3818,LS30,1222.0
3819,LS30,1318.0
3820,LS30,296.0
3821,LS30,227.0
3822,LS30,1578.75
3823,LS30,1014.7
3824,LS30,457.9
3825,LS30,1222.0
3826,LS30,1318.0
3827,LS30,291.6
3828,LS30,223.3
3829,LS30,1577.35
3830,LS30,1068.3
3831,LS30,520.0
3832,LS30,442.0
3833,LS30,180.1
3834,LS30,137.8
3835,LS30,130.65
3836,LS30,130.1
3837,LS30,110.0
3838,LS30,74.35
3839,LS30,349.2
3840,LS30,442.0
3841,LS30,180.7
3842,LS30,67.85
3843,LS30,67.0
3844,LS30,978.0
3845,LS30,116.4
3846,LS30,281.75
3847,LS30,978.0
3848,LS30,181.0
3849,LS30,298.3
3850,LS30,391.9
3851,LS30,568.0
3852,J307,708.75
3853,J308,1794.2
3854,J303,136.0
3855,LS30,1422.4
3856,LS30,66.3
3857,J307,6306.45
3858,J308,8774.35
3859,J303,1216.0
3860,LS30,1210.2
3861,LS30,4743.0
3862,J309,2036.1
3863,J309,1744.0
3864,J309,291.6
3865,J310,875.0
3866,LS30,1308.1
3867,LS30,1321.3
3868,LS30,308.0
3869,LS30,212.35
3870,LS30,161.05
3871,LS30,1011.9
3872,J310,88.0
3873,LS30,731.4
3874,LS30,4777.65
3875,J307,9859.7
3876,J308,13694.15
3877,J303,1580.0
3878,LS30,234.1
3879,LS30,5426.0
3880,J309,4063.5
3881,J309,1744.0
3882,J309,684.5
3883,J309,678.5
3884,J310,875.0
3885,LS30,1438.4
3886,LS30,150.0
3887,LS30,1335.0
3888,LS30,306.1
3889,LS30,176.1
3890,LS30,162.8
3891,LS30,572.0
3892,J310,175.0
3893,LS30,262.0
3894,LS30,5391.85
3895,LS30,1130.95
3896,LS30,1408.0
3897,J309,685.5
3898,LS30,619.85
3899,LS30,1046.0
3900,LS30,195.1
3901,J308,14171.25
3902,J309,990.0
3903,LS30,3784.0
3904,LS30,3000.0
3905,LS30,3000.0
3906,LS30,1500.0
3907,J312,337.8
3908,J309,214.0
3909,J313,232.55
3910,LS30,388.9
3911,J303,656.0
3912,LS30,70.55
3913,LS30,63.35
3914,J311,524.7
3915,J311,154.2
3916,LC30,500.0
3917,LS30,2647.5
3918,LS30,166.75
3919,LC30,103.2
3920,J304,779.9
3921,J307,527.4
3922,LS30,239.45
3923,LS30,56.0
3924,LS30,336.0
3925,LS30,217.3
3926,J304,16714.3
3927,J306,1141.0
3928,J304,3624.8
3929,J306,230.3
3930,J304,4416.4
3931,J306,251.35
3932,J304,16830.0
3933,J306,1295.0
3934,J304,1249.3
3935,J306,121.1
3936,J304,2502.15
3937,J306,326.95
3938,J307,2095.5
3939,J304,555.0
3940,LS30,1169.55
3941,J302,806.1
3942,J303,625.25
3943,J304,7779.0
3944,J304,1556.0
3945,LS30,516.0
3946,LC30,1036.4
3947,J302,7569.0
3948,J302,4657.8
3949,LC30,974.65
3950,LS30,121.2
3951,LS30,73.5
3952,LS30,353.4
3953,LS30,453.0
3954,LS30,182.4
3955,LS30,68.9
3956,LS30,68.05
3957,LS30,442.0
3958,LS30,178.0
3959,LS30,152.7
3960,LS30,146.05
3961,LS30,132.85
3962,LS30,990.2
3963,LS30,120.25
3964,LS30,286.85
3965,LS30,990.2
3966,LS30,192.65
3967,LS30,303.4
3968,LS30,391.9
3969,LS30,568.0
3970,LS30,1222.0
3971,LS30,1318.0
3972,LS30,298.7
3973,LS30,219.55
3974,LS30,1578.75
3975,LS30,1016.4
3976,LS30,463.55
3977,LS30,1216.05
3978,LS30,1318.0
3979,LS30,299.95
3980,LS30,221.85
3981,LS30,1576.85
3982,LS30,1061.6
3983,LS30,520.0
3984,LS30,425.5
3985,LS30,676.05
3986,J303,795.0
3987,LS30,1159.55
3988,LS30,1399.2
3989,J309,694.0
3990,LS30,621.3
3991,LS30,1046.0
3992,LS30,201.6
3993,J308,14171.25
3994,J309,945.9
3995,LS30,3784.0
3996,J307,726.25
3997,J308,1794.2
3998,J303,136.0
3999,LS30,1483.9
4000,LS30,66.1
4001,J307,6306.45
4002,J308,8830.0
4003,J303,1216.0
4004,LS30,1225.3
4005,LS30,4811.3
4006,J309,1865.95
4007,J309,1853.0
4008,J309,266.6
4009,J310,875.0
4010,LS30,1327.3
4011,LS30,1305.0
4012,LS30,308.0
4013,LS30,220.0
4014,LS30,162.0
4015,LS30,1011.9
4016,J310,88.0
4017,LS30,751.1
4018,LS30,4891.65
4019,J307,9859.7
4020,J308,13694.15
4021,J303,1558.4
4022,LS30,5391.85
4023,J309,1754.85
4024,J309,684.5
4025,J309,702.8
4026,J310,875.0
4027,LS30,1458.2
4028,LS30,159.45
4029,LS30,1331.7
4030,LS30,301.4
4031,LS30,181.65
4032,LS30,162.0
4033,LS30,579.15
4034,J310,179.3
4035,LS30,262.0
4036,LS30,5391.85
4037,LS30,3000.0
4038,LS30,1500.0
4039,LS30,3000.0
4040,LC30,1054.45
4041,LS30,1398.35
4042,J302,826.0
4043,J303,663.15
4044,J304,7779.0
4045,J304,1595.2
4046,LS30,516.0
4047,LC30,1044.65
4048,J302,7595.35
4049,J302,4422.0
4050,J306,227.0
4051,J304,16119.0
4052,J306,1141.0
4053,J304,3580.0
4054,J304,4217.7
4055,J306,254.4
4056,J304,16830.0
4057,J306,1295.0
4058,J304,1249.3
4059,J306,71.8
4060,J304,2636.3
4061,J306,291.85
4062,J307,2092.6
4063,J304,530.6
4064,J312,344.0
4065,J309,201.6
4066,J313,219.4
4067,LC30,119.6
4068,J304,811.7
4069,J307,521.0
4070,LS30,227.05
4071,LS30,56.0
4072,LS30,336.0
4073,LS30,203.0
4074,LS30,375.6
4075,J303,656.0
4076,LS30,62.1
4077,LS30,77.5
4078,J311,510.4
4079,J311,175.3
4080,LC30,500.0
4081,LS30,2647.5
4082,LS30,168.0
4083,J303,795.0
4084,LS30,1159.55
4085,LS30,1399.2
4086,J309,694.0
4087,LS30,621.3
4088,LS30,1046.0
4089,LS30,196.15
4090,J308,14171.25
4091,J309,945.9
4092,LS30,3784.0
4093,J307,708.75
4094,J308,1786.0
4095,J303,136.0
4096,LS30,1254.25
4097,LS30,48.2
4098,J303,1216.0
4099,LS30,1231.1
4100,LS30,4811.3
4101,J309,1866.1
4102,J309,1722.1
4103,J309,311.8
4104,J310,875.0
4105,LS30,1314.95
4106,LS30,1304.7
4107,LS30,308.0
4108,LS30,212.35
4109,LS30,156.3
4110,LS30,1100.0
4111,J310,86.95
4112,LS30,759.8
4113,LS30,4802.8
4114,J307,6306.45
4115,J308,8774.35
4116,J307,9859.7
4117,J308,13694.15
4118,J303,1539.5
4119,LS30,228.65
4120,LS30,5391.85
4121,J309,3679.75
4122,J309,1711.15
4123,J309,684.5
4124,J309,674.4
4125,J310,875.0
4126,LS30,1455.0
4127,LS30,152.7
4128,LS30,1333.5
4129,LS30,301.4
4130,LS30,176.1
4131,LS30,162.8
4132,LS30,579.15
4133,J310,174.9
4134,LS30,257.7
4135,LS30,5391.85
4136,LS30,178.0
4137,LS30,67.0
4138,LS30,67.0
4139,LS30,442.0
4140,LS30,109.5
4141,LS30,72.65
4142,LS30,349.2
4143,LS30,137.8
4144,LS30,131.55
4145,LS30,442.0
4146,LS30,177.9
4147,LS30,425.0
4148,LS30,667.45
4149,LS30,1222.0
4150,LS30,1318.0
4151,LS30,294.6
4152,LS30,217.8
4153,LS30,1434.25
4154,LS30,1014.7
4155,LS30,463.55
4156,LS30,1222.0
4157,LS30,1318.0
4158,LS30,290.2
4159,LS30,224.15
4160,LS30,1432.85
4161,LS30,1061.6
4162,LS30,516.55
4163,LS30,978.0
4164,LS30,117.8
4165,LS30,286.85
4166,LS30,374.75
4167,LS30,568.0
4168,LS30,978.0
4169,LS30,184.8
4170,LS30,298.3
4171,LS30,46.75
4172,LS30,46.75
4173,J311,78.85
4174,J311,46.75
4175,LC30,36.7
4176,J304,307.0
4177,J307,207.5
4178,LS30,32.3
4179,LS30,17.6
4180,LS30,51.45
4181,LS30,25.15
4182,LS30,2500.75
4183,LS30,67.25
4184,J312,37.85
4185,J309,28.95
4186,J313,32.95
4187,J308,3647.0
4188,J309,285.9
4189,LS30,1100.25
4190,LS30,345.05
4191,LS30,32.1
4192,J303,175.1
4193,LS30,1022.6
4194,LS30,528.0
4195,J309,141.65
4196,LS30,69.25
4197,LS30,1261.45
4198,LS30,23.75
4199,LS30,24.35
4200,LS30,20.05
4201,LS30,198.45
4202,J310,22.15
4203,LS30,34.75
4204,LS30,5370.85
4205,J309,92.75
4206,J307,8965.9
4207,J308,13694.15
4208,J303,654.1
4209,LS30,50.7
4210,LS30,3746.6
4211,J309,2087.3
4212,J309,656.8
4213,J309,238.5
4214,J310,488.95
4215,LS30,1013.65
4216,LS30,22.55
4217,J307,837.1
4218,J308,614.5
4219,J303,62.7
4220,LS30,569.0
4221,LS30,21.15
4222,J309,1135.05
4223,J309,1297.05
4224,J309,71.75
4225,J310,754.9
4226,LS30,768.3
4227,LS30,1259.9
4228,LS30,39.65
4229,LS30,43.2
4230,LS30,35.55
4231,LS30,307.1
4232,J310,33.65
4233,LS30,65.05
4234,LS30,5000.15
4235,J307,2955.5
4236,J308,3933.1
4237,J303,383.8
4238,LS30,50.8
4239,LS30,1877.35
4240,LS30,17.0
4241,LS30,235.3
4242,LS30,17.65
4243,LS30,18.1
4244,LS30,165.5
4245,LS30,28.5
4246,LS30,24.2
4247,LS30,22.55
4248,LS30,36.15
4249,LS30,25.9
4250,LS30,36.1
4251,LS30,856.3
4252,LS30,39.9
4253,LS30,44.25
4254,LS30,856.3
4255,LS30,43.85
4256,LS30,42.7
4257,LS30,49.8
4258,LS30,51.1
4259,LS30,407.15
4260,LS30,391.65
4261,LS30,69.6
4262,LS30,35.15
4263,LS30,639.5
4264,LS30,928.5
4265,LS30,134.2
4266,LS30,469.85
4267,LS30,555.3
4268,LS30,69.35
4269,LS30,33.95
4270,LS30,562.1
4271,LS30,323.4
4272,LS30,126.0
4273,LS30,49.35
4274,LS30,145.55
4275,J307,5909.8
4276,J308,7396.85
4277,J303,1216.0
4278,LS30,1124.2
4279,LS30,4358.0
4280,J309,1869.35
4281,J309,1612.6
4282,J309,253.5
4283,J310,858.05
4284,LS30,1183.1
4285,LS30,1292.9
4286,LS30,272.45
4287,LS30,198.4
4288,LS30,139.45
4289,LS30,962.2
4290,J310,91.35
4291,LS30,454.75
4292,LS30,4327.9
4293,J307,1282.6
4294,J308,1498.45
4295,J303,262.25
4296,LS30,1185.85
4297,LS30,68.1
4298,J307,9859.7
4299,J308,13694.15
4300,LS30,211.7
4301,LS30,4954.2
4302,J309,3648.75
4303,J309,1557.85
4304,J309,627.45
4305,J309,566.9
4306,J310,801.55
4307,LS30,1262.55
4308,LS30,136.8
4309,LS30,1275.95
4310,LS30,264.1
4311,LS30,160.85
4312,LS30,147.75
4313,LS30,490.65
4314,J310,153.65
4315,LS30,240.3
4316,LS30,5058.9
4317,J308,13115.4
4318,J309,869.0
4319,LS30,3453.2
4320,J303,753.3
4321,LS30,1053.4
4322,LS30,1276.0
4323,J309,672.9
4324,LS30,577.5
4325,LS30,947.75
4326,LS30,216.95
4327,LS30,943.8
4328,LS30,112.25
4329,LS30,277.8
4330,LS30,909.6
4331,LS30,157.55
4332,LS30,285.7
4333,LS30,372.15
4334,LS30,512.95
4335,LS30,411.45
4336,LS30,162.8
4337,LS30,79.8
4338,LS30,78.75
4339,LS30,104.0
4340,LS30,70.15
4341,LS30,329.05
4342,LS30,128.4
4343,LS30,397.45
4344,LS30,154.75
4345,LS30,127.3
4346,LS30,119.65
4347,LS30,1095.3
4348,LS30,1141.35
4349,LS30,272.2
4350,LS30,220.2
4351,LS30,1360.6
4352,LS30,974.5
4353,LS30,476.6
4354,LS30,394.15
4355,LS30,629.45
4356,LS30,1139.4
4357,LS30,1083.95
4358,LS30,185.9
4359,LS30,1362.0
4360,LS30,984.55
4361,LS30,467.7
4362,LS30,277.8
4363,J304,4073.3
4364,J306,354.9
4365,J304,17030.9
4366,J306,1287.3
4367,J304,1221.05
4368,J306,106.45
4369,J304,2502.15
4370,J306,315.65
4371,J307,1673.1
4372,J304,443.0
4373,J304,3663.3
4374,J306,297.6
4375,J304,16154.55
4376,J306,1148.7
4377,LC30,1119.25
4378,LS30,1506.4
4379,J302,810.0
4380,J303,789.45
4381,J304,7779.0
4382,J304,1595.2
4383,LS30,516.0
4384,LC30,1068.15
4385,J302,7595.35
4386,J302,4422.0
4387,J312,320.6
4388,J309,200.8
4389,J313,212.7
4390,LS30,75.6
4391,LS30,66.2
4392,J311,462.0
4393,J311,159.5
4394,LC30,500.0
4395,LS30,376.7
4396,J303,609.2
4397,LS30,2457.7
4398,LS30,157.85
4399,LC30,100.65
4400,J304,786.8
4401,J307,460.8
4402,LS30,208.0
4403,LS30,63.35
4404,LS30,336.0
4405,LS30,189.5
4406,LC30,3000.0
4407,LC30,1500.0
4408,LC30,3000.0
4409,LS30,3000.0
4410,LS30,3000.0
4411,LS30,1500.0
4412,LS30,2778.3
4413,LS30,169.75
4414,LS30,373.6
4415,J303,640.4
4416,LS30,62.0
4417,LS30,73.25
4418,J311,479.6
4419,J311,176.65
4420,LC30,500.0
4421,LC30,69.7
4422,J304,751.2
4423,J307,512.0
4424,LS30,195.95
4425,LS30,56.0
4426,LS30,336.0
4427,LS30,203.0
4428,J312,338.6
4429,J309,208.5
4430,J313,224.2
4431,LS30,978.0
4432,LS30,178.6
4433,LS30,298.3
4434,LS30,372.45
4435,LS30,568.0
4436,LS30,978.0
4437,LS30,114.0
4438,LS30,281.75
4439,LS30,439.2
4440,LS30,170.95
4441,LS30,137.0
4442,LS30,129.05
4443,LS30,128.4
4444,LS30,439.2
4445,LS30,176.8
4446,LS30,70.8
4447,LS30,70.8
4448,LS30,108.0
4449,LS30,67.1
4450,LS30,352.4
4451,LS30,1208.7
4452,LS30,1318.0
4453,LS30,352.35
4454,LS30,222.3
4455,LS30,1506.5
4456,LS30,1048.2
4457,LS30,513.1
4458,LS30,1214.65
4459,LS30,1318.0
4460,LS30,358.15
4461,LS30,219.15
4462,LS30,1434.25
4463,LS30,1008.0
4464,LS30,454.45
4465,LS30,414.0
4466,LS30,667.45
4467,J304,1221.05
4468,J306,108.4
4469,J304,2502.15
4470,J306,318.25
4471,J307,2092.6
4472,J304,585.4
4473,J304,3580.0
4474,J306,216.15
4475,J304,16119.0
4476,J306,1141.0
4477,J304,4120.2
4478,J306,237.25
4479,J304,16844.35
4480,J306,1295.0
4481,LC30,1065.4
4482,J303,651.5
4483,J304,7779.0
4484,J304,1595.2
4485,LS30,516.0
4486,LC30,1041.0
4487,J302,7595.35
4488,J302,4422.0
4489,J308,14082.05
4490,J309,977.6
4491,LS30,3784.0
4492,J303,812.3
4493,LS30,1126.35
4494,LS30,1390.4
4495,J309,704.8
4496,LS30,627.15
4497,LS30,1046.0
4498,LS30,312.7
4499,J307,6306.45
4500,J308,8732.05
4501,J303,1216.0
4502,LS30,1210.2
4503,LS30,4654.5
4504,J309,2036.1
4505,J309,1711.15
4506,J309,349.25
4507,J310,875.0
4508,LS30,1307.45
4509,LS30,1305.0
4510,LS30,345.7
4511,LS30,264.0
4512,LS30,202.35
4513,LS30,1060.0
4514,J310,138.6
4515,LS30,747.0
4516,LS30,4743.5
4517,J307,9859.7
4518,J308,13694.15
4519,J303,1539.1
4520,LS30,253.8
4521,LS30,5290.3
4522,J309,3814.5
4523,J309,712.75
4524,J309,777.15
4525,J310,869.35
4526,LS30,1445.9
4527,LS30,181.9
4528,LS30,1335.0
4529,LS30,326.9
4530,LS30,205.4
4531,LS30,266.75
4532,LS30,572.0
4533,J310,205.3
4534,LS30,349.05
4535,LS30,5358.15
4536,J307,704.35
4537,J308,1707.9
4538,J303,243.05
4539,LS30,1254.45
4540,LS30,164.1
